;study;condition_arm1;condition_arm2;multi_arm1;multi_arm2;outcome_type;instrument;rating;construct;time_weeks;time;mean_arm1;sd_arm1;n_arm1;mean_arm2;sd_arm2;n_arm2;mean_change_arm1;mean_change_arm2;sd_change_arm1;sd_change_arm2;n_change_arm1;n_change_arm2;dich_paper;event_arm1;event_arm2;totaln_arm1;totaln_arm2;precalc_g;precalc_g_se;precalc_log_rr;precalc_log_rr_se;other_stat;baseline_m_arm1;baseline_sd_arm1;baseline_n_arm1;baseline_m_arm2;baseline_sd_arm2;baseline_n_arm2;rand_arm1;rand_arm2;attr_arm1;attr_arm2;rand_ratio;year;sg;ac;ba;itt;rob;full_ref;format;clinical_interview_diagnosis;clinical_diagnosis_interview;cbt;guided;.id;.g;.g_se;.log_rr;.log_rr_se;.event_arm1;.event_arm2;.totaln_arm1;.totaln_arm2
1;Aardoom, 2016;psychoed + symp mon;wl;Internet (self-guided);wl;msd;edeq;self-report;ed psychopathology;8,0;post;4,05;1,0;87,0;3,92;1,14;90,0;;;;;;;;;;;;;;;;;;;;;;;;;;;;;1;1;sr;1;low;Aardoom, J. J., Dingemans, A. E., Spinhoven, P., van Ginkel, J. R., de Rooij, M., & van Furth, E. F. (2016). Web-based fully automated self-help with different levels of therapist support for individuals with eating disorder symptoms: a randomized controlled trial. Journal of medical Internet research, 18(6), e159.;web;no;;no;no;Aardoom_2016_msd_edeq_post_8_self-report_psychoed+sympmon_wl_Internet(self-guided)_wl;-0,12058126098902;0,150488510594961;;;;;;
2;Aardoom, 2016;psychoed + symp mon;wl;Internet (low intens guided);wl;msd;edeq;self-report;ed psychopathology;8,0;post;3,81;1,18;88,0;3,92;1,14;90,0;;;;;;;;;;;;;;;;;;;;;;;;;;;;;1;1;sr;1;low;Aardoom, J. J., Dingemans, A. E., Spinhoven, P., van Ginkel, J. R., de Rooij, M., & van Furth, E. F. (2016). Web-based fully automated self-help with different levels of therapist support for individuals with eating disorder symptoms: a randomized controlled trial. Journal of medical Internet research, 18(6), e159.;web;no;;no;yes;Aardoom_2016_msd_edeq_post_8_self-report_psychoed+sympmon_wl_Internet(lowintensguided)_wl;0,094427382347278;0,150000030175322;;;;;;
3;Aardoom, 2016;psychoed + symp mon;wl;Internet (high intens guided);wl;msd;edeq;self-report;ed psychopathology;8,0;post;3,58;1,32;89,0;3,92;1,14;90,0;;;;;;;;;;;;;;;;;;;;;;;;;;;;;1;1;sr;1;low;Aardoom, J. J., Dingemans, A. E., Spinhoven, P., van Ginkel, J. R., de Rooij, M., & van Furth, E. F. (2016). Web-based fully automated self-help with different levels of therapist support for individuals with eating disorder symptoms: a randomized controlled trial. Journal of medical Internet research, 18(6), e159.;web;no;;no;yes;Aardoom_2016_msd_edeq_post_8_self-report_psychoed+sympmon_wl_Internet(highintensguided)_wl;0,274628881071437;0,150198331383134;;;;;;
4;Aardoom, 2016;psychoed + symp mon;wl;Internet (self-guided);wl;msd;edeq;self-report;ed psychopathology;12,0;fu;3,53;1,4;87,0;3,85;1,32;90,0;;;;;;;;;;;;;;;;;;;;;;;;;;;;;1;1;sr;1;low;Aardoom, J. J., Dingemans, A. E., Spinhoven, P., van Ginkel, J. R., de Rooij, M., & van Furth, E. F. (2016). Web-based fully automated self-help with different levels of therapist support for individuals with eating disorder symptoms: a randomized controlled trial. Journal of medical Internet research, 18(6), e159.;web;no;;no;no;Aardoom_2016_msd_edeq_fu_12_self-report_psychoed+sympmon_wl_Internet(self-guided)_wl;0,234301065950202;0,150870076461633;;;;;;
5;Aardoom, 2016;psychoed + symp mon;wl;Internet (low intens guided);wl;msd;edeq;self-report;ed psychopathology;12,0;fu;3,57;1,37;88,0;3,85;1,32;90,0;;;;;;;;;;;;;;;;;;;;;;;;;;;;;1;1;sr;1;low;Aardoom, J. J., Dingemans, A. E., Spinhoven, P., van Ginkel, J. R., de Rooij, M., & van Furth, E. F. (2016). Web-based fully automated self-help with different levels of therapist support for individuals with eating disorder symptoms: a randomized controlled trial. Journal of medical Internet research, 18(6), e159.;web;no;;no;yes;Aardoom_2016_msd_edeq_fu_12_self-report_psychoed+sympmon_wl_Internet(lowintensguided)_wl;0,207298028670677;0,150321301002326;;;;;;
6;Aardoom, 2016;psychoed + symp mon;wl;Internet (high intens guided);wl;msd;edeq;self-report;ed psychopathology;12,0;fu;3,5;1,58;89,0;3,85;1,32;90,0;;;;;;;;;;;;;;;;;;;;;;;;;;;;;1;1;sr;1;low;Aardoom, J. J., Dingemans, A. E., Spinhoven, P., van Ginkel, J. R., de Rooij, M., & van Furth, E. F. (2016). Web-based fully automated self-help with different levels of therapist support for individuals with eating disorder symptoms: a randomized controlled trial. Journal of medical Internet research, 18(6), e159.;web;no;;no;yes;Aardoom_2016_msd_edeq_fu_12_self-report_psychoed+sympmon_wl_Internet(highintensguided)_wl;0,23951524539228;0,150028928406227;;;;;;
7;Aardoom, 2016;psychoed + symp mon;wl;Internet (self-guided);wl;msd;phq4;self-report;psychiatric distress;8,0;post;6,5;3,38;87,0;7,7;3,39;90,0;;;;;;;;;;;;;;;;;;;;;;;;;;;;;1;1;sr;1;low;Aardoom, J. J., Dingemans, A. E., Spinhoven, P., van Ginkel, J. R., de Rooij, M., & van Furth, E. F. (2016). Web-based fully automated self-help with different levels of therapist support for individuals with eating disorder symptoms: a randomized controlled trial. Journal of medical Internet research, 18(6), e159.;web;no;;no;no;Aardoom_2016_msd_phq4_post_8_self-report_psychoed+sympmon_wl_Internet(self-guided)_wl;0,352974365562327;0,151526751079405;;;;;;
8;Aardoom, 2016;psychoed + symp mon;wl;Internet (low intens guided);wl;msd;phq4;self-report;psychiatric distress;8,0;post;6,51;3,53;88,0;7,7;3,39;90,0;;;;;;;;;;;;;;;;;;;;;;;;;;;;;1;1;sr;1;low;Aardoom, J. J., Dingemans, A. E., Spinhoven, P., van Ginkel, J. R., de Rooij, M., & van Furth, E. F. (2016). Web-based fully automated self-help with different levels of therapist support for individuals with eating disorder symptoms: a randomized controlled trial. Journal of medical Internet research, 18(6), e159.;web;no;;no;yes;Aardoom_2016_msd_phq4_post_8_self-report_psychoed+sympmon_wl_Internet(lowintensguided)_wl;0,342471584760104;0,151019981163081;;;;;;
9;Aardoom, 2016;psychoed + symp mon;wl;Internet (high intens guided);wl;msd;phq4;self-report;psychiatric distress;8,0;post;6,79;3,52;89,0;7,7;3,39;90,0;;;;;;;;;;;;;;;;;;;;;;;;;;;;;1;1;sr;1;low;Aardoom, J. J., Dingemans, A. E., Spinhoven, P., van Ginkel, J. R., de Rooij, M., & van Furth, E. F. (2016). Web-based fully automated self-help with different levels of therapist support for individuals with eating disorder symptoms: a randomized controlled trial. Journal of medical Internet research, 18(6), e159.;web;no;;no;yes;Aardoom_2016_msd_phq4_post_8_self-report_psychoed+sympmon_wl_Internet(highintensguided)_wl;0,262250238592238;0,150135993069924;;;;;;
10;Aardoom, 2016;psychoed + symp mon;wl;Internet (self-guided);wl;msd;phq4;self-report;psychiatric distress;12,0;fu;5,03;3,5;87,0;7,41;3,5;90,0;;;;;;;;;;;;;;;;;;;;;;;;;;;;;1;1;sr;1;low;Aardoom, J. J., Dingemans, A. E., Spinhoven, P., van Ginkel, J. R., de Rooij, M., & van Furth, E. F. (2016). Web-based fully automated self-help with different levels of therapist support for individuals with eating disorder symptoms: a randomized controlled trial. Journal of medical Internet research, 18(6), e159.;web;no;;no;no;Aardoom_2016_msd_phq4_fu_12_self-report_psychoed+sympmon_wl_Internet(self-guided)_wl;0,677081545064378;0,154633691910721;;;;;;
11;Aardoom, 2016;psychoed + symp mon;wl;Internet (low intens guided);wl;msd;phq4;self-report;psychiatric distress;12,0;fu;6,07;3,65;88,0;7,41;3,5;90,0;;;;;;;;;;;;;;;;;;;;;;;;;;;;;1;1;sr;1;low;Aardoom, J. J., Dingemans, A. E., Spinhoven, P., van Ginkel, J. R., de Rooij, M., & van Furth, E. F. (2016). Web-based fully automated self-help with different levels of therapist support for individuals with eating disorder symptoms: a randomized controlled trial. Journal of medical Internet research, 18(6), e159.;web;no;;no;yes;Aardoom_2016_msd_phq4_fu_12_self-report_psychoed+sympmon_wl_Internet(lowintensguided)_wl;0,37323248089738;0,151226346146704;;;;;;
12;Aardoom, 2016;psychoed + symp mon;wl;Internet (high intens guided);wl;msd;phq4;self-report;psychiatric distress;12,0;fu;6,72;3,77;89,0;7,41;3,5;90,0;;;;;;;;;;;;;;;;;;;;;;;;;;;;;1;1;sr;1;low;Aardoom, J. J., Dingemans, A. E., Spinhoven, P., van Ginkel, J. R., de Rooij, M., & van Furth, E. F. (2016). Web-based fully automated self-help with different levels of therapist support for individuals with eating disorder symptoms: a randomized controlled trial. Journal of medical Internet research, 18(6), e159.;web;no;;no;yes;Aardoom_2016_msd_phq4_fu_12_self-report_psychoed+sympmon_wl_Internet(highintensguided)_wl;0,18892508889674;0,149825291406376;;;;;;
13;Aardoom, 2016;psychoed + symp mon;wl;Internet (self-guided);wl;msd;edqol;self-report;quality of life;8,0;post;2,59;0,69;87,0;2,46;0,73;90,0;;;;;;;;;;;;;;;;;;;;;;;;;;;;;1;1;sr;1;low;Aardoom, J. J., Dingemans, A. E., Spinhoven, P., van Ginkel, J. R., de Rooij, M., & van Furth, E. F. (2016). Web-based fully automated self-help with different levels of therapist support for individuals with eating disorder symptoms: a randomized controlled trial. Journal of medical Internet research, 18(6), e159.;web;no;;no;no;Aardoom_2016_msd_edqol_post_8_self-report_psychoed+sympmon_wl_Internet(self-guided)_wl;-0,182152601640469;0,150664864259284;;;;;;
14;Aardoom, 2016;psychoed + symp mon;wl;Internet (low intens guided);wl;msd;edqol;self-report;quality of life;8,0;post;2,55;0,62;88,0;2,46;0,73;90,0;;;;;;;;;;;;;;;;;;;;;;;;;;;;;1;1;sr;1;low;Aardoom, J. J., Dingemans, A. E., Spinhoven, P., van Ginkel, J. R., de Rooij, M., & van Furth, E. F. (2016). Web-based fully automated self-help with different levels of therapist support for individuals with eating disorder symptoms: a randomized controlled trial. Journal of medical Internet research, 18(6), e159.;web;no;;no;yes;Aardoom_2016_msd_edqol_post_8_self-report_psychoed+sympmon_wl_Internet(lowintensguided)_wl;-0,132204251045988;0,150080860201199;;;;;;
15;Aardoom, 2016;psychoed + symp mon;wl;Internet (high intens guided);wl;msd;edqol;self-report;quality of life;8,0;post;2,49;0,69;89,0;2,46;0,73;90,0;;;;;;;;;;;;;;;;;;;;;;;;;;;;;1;1;sr;1;low;Aardoom, J. J., Dingemans, A. E., Spinhoven, P., van Ginkel, J. R., de Rooij, M., & van Furth, E. F. (2016). Web-based fully automated self-help with different levels of therapist support for individuals with eating disorder symptoms: a randomized controlled trial. Journal of medical Internet research, 18(6), e159.;web;no;;no;yes;Aardoom_2016_msd_edqol_post_8_self-report_psychoed+sympmon_wl_Internet(highintensguided)_wl;-0,0420508582320544;0,149506012147206;;;;;;
16;Aardoom, 2016;psychoed + symp mon;wl;Internet (self-guided);wl;msd;edqol;self-report;quality of life;12,0;fu;2,14;0,69;87,0;2,35;0,63;90,0;;;;;;;;;;;;;;;;;;;;;;;;;;;;;1;1;sr;1;low;Aardoom, J. J., Dingemans, A. E., Spinhoven, P., van Ginkel, J. R., de Rooij, M., & van Furth, E. F. (2016). Web-based fully automated self-help with different levels of therapist support for individuals with eating disorder symptoms: a randomized controlled trial. Journal of medical Internet research, 18(6), e159.;web;no;;no;no;Aardoom_2016_msd_edqol_fu_12_self-report_psychoed+sympmon_wl_Internet(self-guided)_wl;0,316735841882186;0,151298402623683;;;;;;
17;Aardoom, 2016;psychoed + symp mon;wl;Internet (low intens guided);wl;msd;edqol;self-report;quality of life;12,0;fu;2,47;0,61;88,0;2,35;0,63;90,0;;;;;;;;;;;;;;;;;;;;;;;;;;;;;1;1;sr;1;low;Aardoom, J. J., Dingemans, A. E., Spinhoven, P., van Ginkel, J. R., de Rooij, M., & van Furth, E. F. (2016). Web-based fully automated self-help with different levels of therapist support for individuals with eating disorder symptoms: a randomized controlled trial. Journal of medical Internet research, 18(6), e159.;web;no;;no;yes;Aardoom_2016_msd_edqol_fu_12_self-report_psychoed+sympmon_wl_Internet(lowintensguided)_wl;-0,192662071198963;0,150266127371307;;;;;;
18;Aardoom, 2016;psychoed + symp mon;wl;Internet (high intens guided);wl;msd;edqol;self-report;quality of life;12,0;fu;2,22;0,66;89,0;2,35;0,63;90,0;;;;;;;;;;;;;;;;;;;;;;;;;;;;;1;1;sr;1;low;Aardoom, J. J., Dingemans, A. E., Spinhoven, P., van Ginkel, J. R., de Rooij, M., & van Furth, E. F. (2016). Web-based fully automated self-help with different levels of therapist support for individuals with eating disorder symptoms: a randomized controlled trial. Journal of medical Internet research, 18(6), e159.;web;no;;no;yes;Aardoom_2016_msd_edqol_fu_12_self-report_psychoed+sympmon_wl_Internet(highintensguided)_wl;0,200667256211328;0,149868293709385;;;;;;
19;Ali, 2022;psychoed + symp mon;wl;Internet (peer support);wl;msd;edeq r;self-report;restraint;6,0;post;0,4;0,57;2,0;3,63;1,97;7,0;;;;;;;;;;;;;;;;;;;;;;;;;;;;;1;1;sr;0;high;Ali, K., Fassnacht, D. B., Farrer, L. M., Rieger, E., Moessner, M., Bauer, S., & Griffiths, K. M. (2022). Recruitment, adherence and attrition challenges in internet-based indicated prevention programs for eating disorders: lessons learned from a randomised controlled trial of ProYouth OZ. Journal of Eating Disorders, 10(1), 1.;web;no;;no;yes;Ali_2022_msd_edeqr_post_6_self-report_psychoed+sympmon_wl_Internet(peersupport)_wl;1,56332137945585;0,902606805941512;;;;;;
20;Ali, 2022;psychoed + symp mon;wl;Internet (peer support);wl;msd;edeq ec;self-report;eating concerns;6,0;post;0,4;0,57;2,0;2,17;1,66;7,0;;;;;;;;;;;;;;;;;;;;;;;;;;;;;1;1;sr;0;high;Ali, K., Fassnacht, D. B., Farrer, L. M., Rieger, E., Moessner, M., Bauer, S., & Griffiths, K. M. (2022). Recruitment, adherence and attrition challenges in internet-based indicated prevention programs for eating disorders: lessons learned from a randomised controlled trial of ProYouth OZ. Journal of Eating Disorders, 10(1), 1.;web;no;;no;yes;Ali_2022_msd_edeqec_post_6_self-report_psychoed+sympmon_wl_Internet(peersupport)_wl;1,01381870283475;0,845651420252792;;;;;;
21;Ali, 2022;psychoed + symp mon;wl;Internet (peer support);wl;msd;edeq;self-report;ed psychopathology;6,0;post;0,89;0,57;2,0;3,38;1,59;7,0;;;;;;;;;;;;;;;;;;;;;;;;;;;;;1;1;sr;0;high;Ali, K., Fassnacht, D. B., Farrer, L. M., Rieger, E., Moessner, M., Bauer, S., & Griffiths, K. M. (2022). Recruitment, adherence and attrition challenges in internet-based indicated prevention programs for eating disorders: lessons learned from a randomised controlled trial of ProYouth OZ. Journal of Eating Disorders, 10(1), 1.;web;no;;no;yes;Ali_2022_msd_edeq_post_6_self-report_psychoed+sympmon_wl_Internet(peersupport)_wl;1,4877195717156;0,893577343472857;;;;;;
22;Ali, 2022;psychoed + symp mon;wl;Internet (peer support);wl;msd;edeq sc;self-report;shape concern;6,0;post;1,25;0,18;2,0;3,98;1,73;7,0;;;;;;;;;;;;;;;;;;;;;;;;;;;;;1;1;sr;0;high;Ali, K., Fassnacht, D. B., Farrer, L. M., Rieger, E., Moessner, M., Bauer, S., & Griffiths, K. M. (2022). Recruitment, adherence and attrition challenges in internet-based indicated prevention programs for eating disorders: lessons learned from a randomised controlled trial of ProYouth OZ. Journal of Eating Disorders, 10(1), 1.;web;no;;no;yes;Ali_2022_msd_edeqsc_post_6_self-report_psychoed+sympmon_wl_Internet(peersupport)_wl;1,51372149162752;0,896642561664283;;;;;;
23;Ali, 2022;psychoed + symp mon;wl;Internet (peer support);wl;msd;edec wc;self-report;weight concern;6,0;post;1,5;0,99;2,0;3,74;1,37;7,0;;;;;;;;;;;;;;;;;;;;;;;;;;;;;1;1;sr;0;high;Ali, K., Fassnacht, D. B., Farrer, L. M., Rieger, E., Moessner, M., Bauer, S., & Griffiths, K. M. (2022). Recruitment, adherence and attrition challenges in internet-based indicated prevention programs for eating disorders: lessons learned from a randomised controlled trial of ProYouth OZ. Journal of Eating Disorders, 10(1), 1.;web;no;;no;yes;Ali_2022_msd_edecwc_post_6_self-report_psychoed+sympmon_wl_Internet(peersupport)_wl;1,50566098645386;0,895687800227068;;;;;;
24;Ali, 2022;psychoed + symp mon;wl;Internet (self-guided);wl;msd;edeq r;self-report;restraint;6,0;post;3,57;1,89;6,0;3,63;1,97;7,0;;;;;;;;;;;;;;;;;;;;;;;;;;;;;1;1;sr;0;high;Ali, K., Fassnacht, D. B., Farrer, L. M., Rieger, E., Moessner, M., Bauer, S., & Griffiths, K. M. (2022). Recruitment, adherence and attrition challenges in internet-based indicated prevention programs for eating disorders: lessons learned from a randomised controlled trial of ProYouth OZ. Journal of Eating Disorders, 10(1), 1.;web;no;;no;no;Ali_2022_msd_edeqr_post_6_self-report_psychoed+sympmon_wl_Internet(self-guided)_wl;0,0288586390047764;0,556381906622511;;;;;;
25;Ali, 2022;psychoed + symp mon;wl;Internet (self-guided);wl;msd;edeq ec;self-report;eating concerns;6,0;post;3,17;1,89;6,0;2,17;1,66;7,0;;;;;;;;;;;;;;;;;;;;;;;;;;;;;1;1;sr;0;high;Ali, K., Fassnacht, D. B., Farrer, L. M., Rieger, E., Moessner, M., Bauer, S., & Griffiths, K. M. (2022). Recruitment, adherence and attrition challenges in internet-based indicated prevention programs for eating disorders: lessons learned from a randomised controlled trial of ProYouth OZ. Journal of Eating Disorders, 10(1), 1.;web;no;;no;no;Ali_2022_msd_edeqec_post_6_self-report_psychoed+sympmon_wl_Internet(self-guided)_wl;-0,526072867641475;0,567295925446119;;;;;;
26;Ali, 2022;psychoed + symp mon;wl;Internet (self-guided);wl;msd;edeq;self-report;ed psychopathology;6,0;post;3,8;1,8;6,0;3,38;1,59;7,0;;;;;;;;;;;;;;;;;;;;;;;;;;;;;1;1;sr;0;high;Ali, K., Fassnacht, D. B., Farrer, L. M., Rieger, E., Moessner, M., Bauer, S., & Griffiths, K. M. (2022). Recruitment, adherence and attrition challenges in internet-based indicated prevention programs for eating disorders: lessons learned from a randomised controlled trial of ProYouth OZ. Journal of Eating Disorders, 10(1), 1.;web;no;;no;no;Ali_2022_msd_edeq_post_6_self-report_psychoed+sympmon_wl_Internet(self-guided)_wl;-0,231360705842554;0,558482734530985;;;;;;
27;Ali, 2022;psychoed + symp mon;wl;Internet (self-guided);wl;msd;edeq sc;self-report;shape concern;6,0;post;4,48;1,79;6,0;3,98;1,73;7,0;;;;;;;;;;;;;;;;;;;;;;;;;;;;;1;1;sr;0;high;Ali, K., Fassnacht, D. B., Farrer, L. M., Rieger, E., Moessner, M., Bauer, S., & Griffiths, K. M. (2022). Recruitment, adherence and attrition challenges in internet-based indicated prevention programs for eating disorders: lessons learned from a randomised controlled trial of ProYouth OZ. Journal of Eating Disorders, 10(1), 1.;web;no;;no;no;Ali_2022_msd_edeqsc_post_6_self-report_psychoed+sympmon_wl_Internet(self-guided)_wl;-0,264642515354059;0,559139242609865;;;;;;
28;Ali, 2022;psychoed + symp mon;wl;Internet (self-guided);wl;msd;edec wc;self-report;weight concern;6,0;post;4,0;1,93;6,0;3,74;1,37;7,0;;;;;;;;;;;;;;;;;;;;;;;;;;;;;1;1;sr;0;high;Ali, K., Fassnacht, D. B., Farrer, L. M., Rieger, E., Moessner, M., Bauer, S., & Griffiths, K. M. (2022). Recruitment, adherence and attrition challenges in internet-based indicated prevention programs for eating disorders: lessons learned from a randomised controlled trial of ProYouth OZ. Journal of Eating Disorders, 10(1), 1.;web;no;;no;no;Ali_2022_msd_edecwc_post_6_self-report_psychoed+sympmon_wl_Internet(self-guided)_wl;-0,146733087816125;0,557208024479666;;;;;;
29;Barakat, 2023;cbt;wl;Internet (self-guided);wl;abstinence;zero OBEs;self-report;binge abstinence;12,0;post;;;;;;;;;;;;;;8,0;2,0;38,0;39,0;;;;;;;;;;;;;;;;;;?;?;sr;0;high;Barakat, S., Burton, A. L., Cunich, M., Hay, P., Hazelton, J. L., Kim, M., ... & Maguire, S. (2023). A randomised controlled trial of clinician supported vs self-help delivery of online cognitive behaviour therapy for Bulimia Nervosa. Psychiatry Research, 329, 115534.;web;yes;bn;yes;no;Barakat_2023_abstinence_zeroOBEs_post_12_self-report_cbt_wl_Internet(self-guided)_wl;0,8711004071961;0,456425863421161;1,41226984752315;0,756996159095467;8,0;2,0;38,0;39,0
30;Barakat, 2023;cbt;wl;Internet (self-guided);wl;msd;edeq r;self-report;restraint;12,0;post;2,1;1,8;38,0;3,4;1,6;39,0;;;;;;;;;;;;;;;;;;;;;;;;;;;;;?;?;sr;0;high;Barakat, S., Burton, A. L., Cunich, M., Hay, P., Hazelton, J. L., Kim, M., ... & Maguire, S. (2023). A randomised controlled trial of clinician supported vs self-help delivery of online cognitive behaviour therapy for Bulimia Nervosa. Psychiatry Research, 329, 115534.;web;yes;bn;yes;no;Barakat_2023_msd_edeqr_post_12_self-report_cbt_wl_Internet(self-guided)_wl;0,756318267717282;0,236107786216228;;;;;;
31;Barakat, 2023;cbt;wl;Internet (self-guided);wl;msd;edeq exer;self-report;driven exercise;12,0;post;3,4;7,8;38,0;4,2;5,8;39,0;;;;;;;;;;;;;;;;;;;;;;;;;;;;;?;?;sr;0;high;Barakat, S., Burton, A. L., Cunich, M., Hay, P., Hazelton, J. L., Kim, M., ... & Maguire, S. (2023). A randomised controlled trial of clinician supported vs self-help delivery of online cognitive behaviour therapy for Bulimia Nervosa. Psychiatry Research, 329, 115534.;web;yes;bn;yes;no;Barakat_2023_msd_edeqexer_post_12_self-report_cbt_wl_Internet(self-guided)_wl;0,115449139631059;0,228134011268366;;;;;;
32;Barakat, 2023;cbt;wl;Internet (self-guided);wl;msd;edeq ec;self-report;eating concerns;12,0;post;2,2;1,6;38,0;3,9;1,1;39,0;;;;;;;;;;;;;;;;;;;;;;;;;;;;;?;?;sr;0;high;Barakat, S., Burton, A. L., Cunich, M., Hay, P., Hazelton, J. L., Kim, M., ... & Maguire, S. (2023). A randomised controlled trial of clinician supported vs self-help delivery of online cognitive behaviour therapy for Bulimia Nervosa. Psychiatry Research, 329, 115534.;web;yes;bn;yes;no;Barakat_2023_msd_edeqec_post_12_self-report_cbt_wl_Internet(self-guided)_wl;1,22872028208747;0,248917934303295;;;;;;
33;Barakat, 2023;cbt;wl;Internet (self-guided);wl;msd;edeq;self-report;ed psychopathology;12,0;post;2,6;1,5;38,0;3,9;1,0;39,0;;;;;;;;;;;;;;;;;;;;;;;;;;;;;?;?;sr;0;high;Barakat, S., Burton, A. L., Cunich, M., Hay, P., Hazelton, J. L., Kim, M., ... & Maguire, S. (2023). A randomised controlled trial of clinician supported vs self-help delivery of online cognitive behaviour therapy for Bulimia Nervosa. Psychiatry Research, 329, 115534.;web;yes;bn;yes;no;Barakat_2023_msd_edeq_post_12_self-report_cbt_wl_Internet(self-guided)_wl;1,0121704011362;0,242373415246456;;;;;;
34;Barakat, 2023;cbt;wl;Internet (self-guided);wl;msd;k10;self-report;psychiatric distress;12,0;post;21,1;8,0;38,0;24,7;8,2;39,0;;;;;;;;;;;;;;;;;;;;;;;;;;;;;?;?;sr;0;high;Barakat, S., Burton, A. L., Cunich, M., Hay, P., Hazelton, J. L., Kim, M., ... & Maguire, S. (2023). A randomised controlled trial of clinician supported vs self-help delivery of online cognitive behaviour therapy for Bulimia Nervosa. Psychiatry Research, 329, 115534.;web;yes;bn;yes;no;Barakat_2023_msd_k10_post_12_self-report_cbt_wl_Internet(self-guided)_wl;0,439879218018101;0,230735488352095;;;;;;
35;Barakat, 2023;cbt;wl;Internet (self-guided);wl;msd;edeq lax;self-report;laxative use;12,0;post;1,3;5,3;38,0;2,1;6,8;39,0;;;;;;;;;;;;;;;;;;;;;;;;;;;;;?;?;sr;0;high;Barakat, S., Burton, A. L., Cunich, M., Hay, P., Hazelton, J. L., Kim, M., ... & Maguire, S. (2023). A randomised controlled trial of clinician supported vs self-help delivery of online cognitive behaviour therapy for Bulimia Nervosa. Psychiatry Research, 329, 115534.;web;yes;bn;yes;no;Barakat_2023_msd_edeqlax_post_12_self-report_cbt_wl_Internet(self-guided)_wl;0,129699294011394;0,228184735866415;;;;;;
36;Barakat, 2023;cbt;wl;Internet (self-guided);wl;msd;edeq obe;self-report;obe frequency;12,0;post;7,8;7,7;38,0;11,7;8,4;39,0;;;;;;;;;;;;;;;;;;;;;;;;;;;;;?;?;sr;0;high;Barakat, S., Burton, A. L., Cunich, M., Hay, P., Hazelton, J. L., Kim, M., ... & Maguire, S. (2023). A randomised controlled trial of clinician supported vs self-help delivery of online cognitive behaviour therapy for Bulimia Nervosa. Psychiatry Research, 329, 115534.;web;yes;bn;yes;no;Barakat_2023_msd_edeqobe_post_12_self-report_cbt_wl_Internet(self-guided)_wl;0,478881440645092;0,231249416252914;;;;;;
37;Barakat, 2023;cbt;wl;Internet (self-guided);wl;msd;edqol;self-report;quality of life;12,0;post;1,1;0,8;38,0;1,7;0,6;39,0;;;;;;;;;;;;;;;;;;;;;;;;;;;;;?;?;sr;0;high;Barakat, S., Burton, A. L., Cunich, M., Hay, P., Hazelton, J. L., Kim, M., ... & Maguire, S. (2023). A randomised controlled trial of clinician supported vs self-help delivery of online cognitive behaviour therapy for Bulimia Nervosa. Psychiatry Research, 329, 115534.;web;yes;bn;yes;no;Barakat_2023_msd_edqol_post_12_self-report_cbt_wl_Internet(self-guided)_wl;0,841586908385915;0,238011889920051;;;;;;
38;Barakat, 2023;cbt;wl;Internet (self-guided);wl;msd;edeq sc;self-report;shape concern;12,0;post;3,3;1,7;38,0;4,5;1,3;39,0;;;;;;;;;;;;;;;;;;;;;;;;;;;;;?;?;sr;0;high;Barakat, S., Burton, A. L., Cunich, M., Hay, P., Hazelton, J. L., Kim, M., ... & Maguire, S. (2023). A randomised controlled trial of clinician supported vs self-help delivery of online cognitive behaviour therapy for Bulimia Nervosa. Psychiatry Research, 329, 115534.;web;yes;bn;yes;no;Barakat_2023_msd_edeqsc_post_12_self-report_cbt_wl_Internet(self-guided)_wl;0,786400803824335;0,236758067978752;;;;;;
39;Barakat, 2023;cbt;wl;Internet (self-guided);wl;msd;edeq vom;self-report;vomiting;12,0;post;2,7;5,5;38,0;9,7;11,9;39,0;;;;;;;;;;;;;;;;;;;;;;;;;;;;;?;?;sr;0;high;Barakat, S., Burton, A. L., Cunich, M., Hay, P., Hazelton, J. L., Kim, M., ... & Maguire, S. (2023). A randomised controlled trial of clinician supported vs self-help delivery of online cognitive behaviour therapy for Bulimia Nervosa. Psychiatry Research, 329, 115534.;web;yes;bn;yes;no;Barakat_2023_msd_edeqvom_post_12_self-report_cbt_wl_Internet(self-guided)_wl;0,744351643262375;0,23585567817967;;;;;;
40;Barakat, 2023;cbt;wl;Internet (self-guided);wl;msd;edeq wc;self-report;weight concern;12,0;post;2,8;1,7;38,0;4,1;1,3;39,0;;;;;;;;;;;;;;;;;;;;;;;;;;;;;?;?;sr;0;high;Barakat, S., Burton, A. L., Cunich, M., Hay, P., Hazelton, J. L., Kim, M., ... & Maguire, S. (2023). A randomised controlled trial of clinician supported vs self-help delivery of online cognitive behaviour therapy for Bulimia Nervosa. Psychiatry Research, 329, 115534.;web;yes;bn;yes;no;Barakat_2023_msd_edeqwc_post_12_self-report_cbt_wl_Internet(self-guided)_wl;0,85193420414303;0,238255673644035;;;;;;
41;Barakat, 2023;cbt;wl;Internet (guided);wl;abstinence;zero OBEs;self-report;binge abstinence;12,0;post;;;;;;;;;;;;;;8,0;2,0;37,0;39,0;;;;;;;;;;;;;;;;;;?;?;sr;0;high;Barakat, S., Burton, A. L., Cunich, M., Hay, P., Hazelton, J. L., Kim, M., ... & Maguire, S. (2023). A randomised controlled trial of clinician supported vs self-help delivery of online cognitive behaviour therapy for Bulimia Nervosa. Psychiatry Research, 329, 115534.;web;yes;bn;yes;yes;Barakat_2023_abstinence_zeroOBEs_post_12_self-report_cbt_wl_Internet(guided)_wl;0,889481523771867;0,456808441462746;1,43893809460531;0,756526237041352;8,0;2,0;37,0;39,0
42;Barakat, 2023;cbt;wl;Internet (guided);wl;msd;edeq r;self-report;restraint;12,0;post;1,5;1,3;37,0;3,4;1,6;39,0;;;;;;;;;;;;;;;;;;;;;;;;;;;;;?;?;sr;0;high;Barakat, S., Burton, A. L., Cunich, M., Hay, P., Hazelton, J. L., Kim, M., ... & Maguire, S. (2023). A randomised controlled trial of clinician supported vs self-help delivery of online cognitive behaviour therapy for Bulimia Nervosa. Psychiatry Research, 329, 115534.;web;yes;bn;yes;yes;Barakat_2023_msd_edeqr_post_12_self-report_cbt_wl_Internet(guided)_wl;1,28658028878789;0,252553021434455;;;;;;
43;Barakat, 2023;cbt;wl;Internet (guided);wl;msd;edeq exer;self-report;driven exercise;12,0;post;2,3;5,6;37,0;4,2;5,8;39,0;;;;;;;;;;;;;;;;;;;;;;;;;;;;;?;?;sr;0;high;Barakat, S., Burton, A. L., Cunich, M., Hay, P., Hazelton, J. L., Kim, M., ... & Maguire, S. (2023). A randomised controlled trial of clinician supported vs self-help delivery of online cognitive behaviour therapy for Bulimia Nervosa. Psychiatry Research, 329, 115534.;web;yes;bn;yes;yes;Barakat_2023_msd_edeqexer_post_12_self-report_cbt_wl_Internet(guided)_wl;0,329736476204184;0,231080353486655;;;;;;
44;Barakat, 2023;cbt;wl;Internet (guided);wl;msd;edeq ec;self-report;eating concerns;12,0;post;1,9;1,4;37,0;3,9;1,1;39,0;;;;;;;;;;;;;;;;;;;;;;;;;;;;;?;?;sr;0;high;Barakat, S., Burton, A. L., Cunich, M., Hay, P., Hazelton, J. L., Kim, M., ... & Maguire, S. (2023). A randomised controlled trial of clinician supported vs self-help delivery of online cognitive behaviour therapy for Bulimia Nervosa. Psychiatry Research, 329, 115534.;web;yes;bn;yes;yes;Barakat_2023_msd_edeqec_post_12_self-report_cbt_wl_Internet(guided)_wl;1,57749933240182;0,263396894699857;;;;;;
45;Barakat, 2023;cbt;wl;Internet (guided);wl;msd;edeq;self-report;ed psychopathology;12,0;post;2,3;1,3;37,0;3,9;1,0;39,0;;;;;;;;;;;;;;;;;;;;;;;;;;;;;?;?;sr;0;high;Barakat, S., Burton, A. L., Cunich, M., Hay, P., Hazelton, J. L., Kim, M., ... & Maguire, S. (2023). A randomised controlled trial of clinician supported vs self-help delivery of online cognitive behaviour therapy for Bulimia Nervosa. Psychiatry Research, 329, 115534.;web;yes;bn;yes;yes;Barakat_2023_msd_edeq_post_12_self-report_cbt_wl_Internet(guided)_wl;1,37034623092812;0,255494579040142;;;;;;
46;Barakat, 2023;cbt;wl;Internet (guided);wl;msd;k10;self-report;psychiatric distress;12,0;post;19,3;6,8;37,0;24,7;8,2;39,0;;;;;;;;;;;;;;;;;;;;;;;;;;;;;?;?;sr;0;high;Barakat, S., Burton, A. L., Cunich, M., Hay, P., Hazelton, J. L., Kim, M., ... & Maguire, S. (2023). A randomised controlled trial of clinician supported vs self-help delivery of online cognitive behaviour therapy for Bulimia Nervosa. Psychiatry Research, 329, 115534.;web;yes;bn;yes;yes;Barakat_2023_msd_k10_post_12_self-report_cbt_wl_Internet(guided)_wl;0,707826111566288;0,236711427425737;;;;;;
47;Barakat, 2023;cbt;wl;Internet (guided);wl;msd;edeq lax;self-report;laxative use;12,0;post;1,0;5,0;37,0;2,1;6,8;39,0;;;;;;;;;;;;;;;;;;;;;;;;;;;;;?;?;sr;0;high;Barakat, S., Burton, A. L., Cunich, M., Hay, P., Hazelton, J. L., Kim, M., ... & Maguire, S. (2023). A randomised controlled trial of clinician supported vs self-help delivery of online cognitive behaviour therapy for Bulimia Nervosa. Psychiatry Research, 329, 115534.;web;yes;bn;yes;yes;Barakat_2023_msd_edeqlax_post_12_self-report_cbt_wl_Internet(guided)_wl;0,181703710658174;0,229977718384144;;;;;;
48;Barakat, 2023;cbt;wl;Internet (guided);wl;msd;edeq obe;self-report;obe frequency;12,0;post;5,5;6,8;37,0;11,7;8,4;39,0;;;;;;;;;;;;;;;;;;;;;;;;;;;;;?;?;sr;0;high;Barakat, S., Burton, A. L., Cunich, M., Hay, P., Hazelton, J. L., Kim, M., ... & Maguire, S. (2023). A randomised controlled trial of clinician supported vs self-help delivery of online cognitive behaviour therapy for Bulimia Nervosa. Psychiatry Research, 329, 115534.;web;yes;bn;yes;yes;Barakat_2023_msd_edeqobe_post_12_self-report_cbt_wl_Internet(guided)_wl;0,800806373676542;0,238692708116526;;;;;;
49;Barakat, 2023;cbt;wl;Internet (guided);wl;msd;edqol;self-report;quality of life;12,0;post;1,4;0,6;37,0;1,7;0,6;39,0;;;;;;;;;;;;;;;;;;;;;;;;;;;;;?;?;sr;0;high;Barakat, S., Burton, A. L., Cunich, M., Hay, P., Hazelton, J. L., Kim, M., ... & Maguire, S. (2023). A randomised controlled trial of clinician supported vs self-help delivery of online cognitive behaviour therapy for Bulimia Nervosa. Psychiatry Research, 329, 115534.;web;yes;bn;yes;yes;Barakat_2023_msd_edqol_post_12_self-report_cbt_wl_Internet(guided)_wl;0,494915254237288;0,233051044859614;;;;;;
50;Barakat, 2023;cbt;wl;Internet (guided);wl;msd;edeq sc;self-report;shape concern;12,0;post;3,0;1,6;37,0;4,5;1,3;39,0;;;;;;;;;;;;;;;;;;;;;;;;;;;;;?;?;sr;0;high;Barakat, S., Burton, A. L., Cunich, M., Hay, P., Hazelton, J. L., Kim, M., ... & Maguire, S. (2023). A randomised controlled trial of clinician supported vs self-help delivery of online cognitive behaviour therapy for Bulimia Nervosa. Psychiatry Research, 329, 115534.;web;yes;bn;yes;yes;Barakat_2023_msd_edeqsc_post_12_self-report_cbt_wl_Internet(guided)_wl;1,02135648321903;0,244280066879735;;;;;;
51;Barakat, 2023;cbt;wl;Internet (guided);wl;msd;edeq vom;self-report;vomiting;12,0;post;6,8;10,6;37,0;9,7;11,9;39,0;;;;;;;;;;;;;;;;;;;;;;;;;;;;;?;?;sr;0;high;Barakat, S., Burton, A. L., Cunich, M., Hay, P., Hazelton, J. L., Kim, M., ... & Maguire, S. (2023). A randomised controlled trial of clinician supported vs self-help delivery of online cognitive behaviour therapy for Bulimia Nervosa. Psychiatry Research, 329, 115534.;web;yes;bn;yes;yes;Barakat_2023_msd_edeqvom_post_12_self-report_cbt_wl_Internet(guided)_wl;0,254335949402746;0,230439608326117;;;;;;
52;Barakat, 2023;cbt;wl;Internet (guided);wl;msd;edeq wc;self-report;weight concern;12,0;post;2,7;1,7;37,0;4,1;1,3;39,0;;;;;;;;;;;;;;;;;;;;;;;;;;;;;?;?;sr;0;high;Barakat, S., Burton, A. L., Cunich, M., Hay, P., Hazelton, J. L., Kim, M., ... & Maguire, S. (2023). A randomised controlled trial of clinician supported vs self-help delivery of online cognitive behaviour therapy for Bulimia Nervosa. Psychiatry Research, 329, 115534.;web;yes;bn;yes;yes;Barakat_2023_msd_edeqwc_post_12_self-report_cbt_wl_Internet(guided)_wl;0,918997412758451;0,241534884866855;;;;;;
53;Carrard, 2011;cbt;wl;;;abstinence;zero OBEs;self-report;binge abstinence;24,0;post;;;;;;;;;;;;;;13,0;3,0;37,0;37,0;;;;;;;;;;;;;;;;;;1;?;sr;1;low;Carrard, I., Crépin, C., Rouget, P., Lam, T., Golay, A., & Van der Linden, M. (2011). Randomised controlled trial of a guided self-help treatment on the Internet for binge eating disorder. Behaviour research and therapy, 49(8), 482-491.;web;yes;bed;yes;yes;Carrard_2011_abstinence_zeroOBEs_post_24_self-report_cbt_wl_NA_NA;0,990007713513174;0,382502611293609;1,46633706879343;0,596826906399465;13,0;3,0;37,0;37,0
54;Carrard, 2011;cbt;wl;;;msd;ede bd;self-report;body dissatisfaction;24,0;post;19,0;7,0;37,0;18,9;6,8;37,0;;;;;;;;;;;;;;;;;;;;;;;;;;;;;1;?;sr;1;low;Carrard, I., Crépin, C., Rouget, P., Lam, T., Golay, A., & Van der Linden, M. (2011). Randomised controlled trial of a guided self-help treatment on the Internet for binge eating disorder. Behaviour research and therapy, 49(8), 482-491.;web;yes;bed;yes;yes;Carrard_2011_msd_edebd_post_24_self-report_cbt_wl_NA_NA;-0,0143397555436419;0,232498328907102;;;;;;
55;Carrard, 2011;cbt;wl;;;msd;bdi-ii;self-report;depression;24,0;post;10,0;7,4;37,0;13,2;9,6;37,0;;;;;;;;;;;;;;;;;;;;;;;;;;;;;1;?;sr;1;low;Carrard, I., Crépin, C., Rouget, P., Lam, T., Golay, A., & Van der Linden, M. (2011). Randomised controlled trial of a guided self-help treatment on the Internet for binge eating disorder. Behaviour research and therapy, 49(8), 482-491.;web;yes;bed;yes;yes;Carrard_2011_msd_bdi-ii_post_24_self-report_cbt_wl_NA_NA;0,369454499100452;0,234512081021087;;;;;;
56;Carrard, 2011;cbt;wl;;;msd;edeq r;self-report;restraint;24,0;post;1,7;1,4;37,0;1,8;1,3;37,0;;;;;;;;;;;;;;;;;;;;;;;;;;;;;1;?;sr;1;low;Carrard, I., Crépin, C., Rouget, P., Lam, T., Golay, A., & Van der Linden, M. (2011). Randomised controlled trial of a guided self-help treatment on the Internet for binge eating disorder. Behaviour research and therapy, 49(8), 482-491.;web;yes;bed;yes;yes;Carrard_2011_msd_edeqr_post_24_self-report_cbt_wl_NA_NA;0,0732495580822718;0,232574885528831;;;;;;
57;Carrard, 2011;cbt;wl;;;msd;edeq;self-report;ed psychopathology;24,0;post;2,5;1,1;37,0;2,9;1,0;37,0;;;;;;;;;;;;;;;;;;;;;;;;;;;;;1;?;sr;1;low;Carrard, I., Crépin, C., Rouget, P., Lam, T., Golay, A., & Van der Linden, M. (2011). Randomised controlled trial of a guided self-help treatment on the Internet for binge eating disorder. Behaviour research and therapy, 49(8), 482-491.;web;yes;bed;yes;yes;Carrard_2011_msd_edeq_post_24_self-report_cbt_wl_NA_NA;0,376543621853314;0,234589871847837;;;;;;
58;Carrard, 2011;cbt;wl;;;msd;scl-90r;self-report;psychiatric distress;24,0;post;0,6;0,4;37,0;0,8;0,5;37,0;;;;;;;;;;;;;;;;;;;;;;;;;;;;;1;?;sr;1;low;Carrard, I., Crépin, C., Rouget, P., Lam, T., Golay, A., & Van der Linden, M. (2011). Randomised controlled trial of a guided self-help treatment on the Internet for binge eating disorder. Behaviour research and therapy, 49(8), 482-491.;web;yes;bed;yes;yes;Carrard_2011_msd_scl-90r_post_24_self-report_cbt_wl_NA_NA;0,437108758261414;0,23531350495955;;;;;;
59;Carrard, 2011;cbt;wl;;;msd;edeq obe;self-report;obe frequency;24,0;post;5,5;7,4;37,0;9,1;8,8;37,0;;;;;;;;;;;;;;;;;;;;;;;;;;;;;1;?;sr;1;low;Carrard, I., Crépin, C., Rouget, P., Lam, T., Golay, A., & Van der Linden, M. (2011). Randomised controlled trial of a guided self-help treatment on the Internet for binge eating disorder. Behaviour research and therapy, 49(8), 482-491.;web;yes;bed;yes;yes;Carrard_2011_msd_edeqobe_post_24_self-report_cbt_wl_NA_NA;0,438165535284611;0,235327066329738;;;;;;
60;Carrard, 2011;cbt;wl;;;msd;iwqol;self-report;quality of life;24,0;post;71,7;16,7;37,0;71,8;18,0;37,0;;;;;;;;;;;;;;;;;;;;;;;;;;;;;1;?;sr;1;low;Carrard, I., Crépin, C., Rouget, P., Lam, T., Golay, A., & Van der Linden, M. (2011). Randomised controlled trial of a guided self-help treatment on the Internet for binge eating disorder. Behaviour research and therapy, 49(8), 482-491.;web;yes;bed;yes;yes;Carrard_2011_msd_iwqol_post_24_self-report_cbt_wl_NA_NA;-0,0056994428203112;0,232495759530458;;;;;;
61;Carrard, 2011;cbt;wl;;;msd;rse;self-report;self-esteem;24,0;post;21,3;4,2;37,0;19,1;4,9;37,0;;;;;;;;;;;;;;;;;;;;;;;;;;;;;1;?;sr;1;low;Carrard, I., Crépin, C., Rouget, P., Lam, T., Golay, A., & Van der Linden, M. (2011). Randomised controlled trial of a guided self-help treatment on the Internet for binge eating disorder. Behaviour research and therapy, 49(8), 482-491.;web;yes;bed;yes;yes;Carrard_2011_msd_rse_post_24_self-report_cbt_wl_NA_NA;0,477052986592172;0,235848281585711;;;;;;
62;Carrard, 2011;cbt;wl;;;msd;edeq sc;self-report;shape concern;24,0;post;3,7;1,3;37,0;4,1;1,3;37,0;;;;;;;;;;;;;;;;;;;;;;;;;;;;;1;?;sr;1;low;Carrard, I., Crépin, C., Rouget, P., Lam, T., Golay, A., & Van der Linden, M. (2011). Randomised controlled trial of a guided self-help treatment on the Internet for binge eating disorder. Behaviour research and therapy, 49(8), 482-491.;web;yes;bed;yes;yes;Carrard_2011_msd_edeqsc_post_24_self-report_cbt_wl_NA_NA;0,304476011793085;0,233866942942861;;;;;;
63;Fitzsimmons-Craft, 2020;cbt;tau;;;abstinence;zero ED behav;self-report;zero eating disorder behaviours;32,0;post;;;;;;;;;;;;;;20,0;16,0;385,0;305,0;;;;;;;;;;;;;;;;;;1;1;sr;1;low;Fitzsimmons-Craft, E. E., Taylor, C. B., Graham, A. K., Sadeh-Sharvit, S., Balantekin, K. N., Eichen, D. M., ... & Wilfley, D. E. (2020). Effectiveness of a digital cognitive behavior therapy–guided self-help intervention for eating disorders in college women: A cluster randomized clinical trial. JAMA network open, 3(8), e2015633.;web;no;;yes;yes;Fitzsimmons-Craft_2020_abstinence_zeroEDbehav_post_32_self-report_cbt_tau_NA_NA;-0,0056874274584977;0,189948554414007;-0,0097880063661628;0,326533166581907;20,0;16,0;385,0;305,0
64;Fitzsimmons-Craft, 2020;cbt;tau;;;msd;promis-a;self-report;anxiety;32,0;post;9,61;4,37;385,0;10,14;4,32;305,0;;;;;;;;;;;;;;;;;;;;;;;;;;;;;1;1;sr;1;low;Fitzsimmons-Craft, E. E., Taylor, C. B., Graham, A. K., Sadeh-Sharvit, S., Balantekin, K. N., Eichen, D. M., ... & Wilfley, D. E. (2020). Effectiveness of a digital cognitive behavior therapy–guided self-help intervention for eating disorders in college women: A cluster randomized clinical trial. JAMA network open, 3(8), e2015633.;web;no;;yes;yes;Fitzsimmons-Craft_2020_msd_promis-a_post_32_self-report_cbt_tau_NA_NA;0,121762815544093;0,076725863980234;;;;;;
65;Fitzsimmons-Craft, 2020;cbt;tau;;;msd;edeq comp;self-report;compensatory behavior;32,0;post;4,22;7,41;385,0;5,18;9,51;305,0;;;;;;;;;;;;;;;;;;;;;;;;;;;;;1;1;sr;1;low;Fitzsimmons-Craft, E. E., Taylor, C. B., Graham, A. K., Sadeh-Sharvit, S., Balantekin, K. N., Eichen, D. M., ... & Wilfley, D. E. (2020). Effectiveness of a digital cognitive behavior therapy–guided self-help intervention for eating disorders in college women: A cluster randomized clinical trial. JAMA network open, 3(8), e2015633.;web;no;;yes;yes;Fitzsimmons-Craft_2020_msd_edeqcomp_post_32_self-report_cbt_tau_NA_NA;0,114122042615542;0,0767173337971225;;;;;;
66;Fitzsimmons-Craft, 2020;cbt;tau;;;msd;phq9;self-report;depression;32,0;post;8,21;6,57;385,0;9,4;5,98;305,0;;;;;;;;;;;;;;;;;;;;;;;;;;;;;1;1;sr;1;low;Fitzsimmons-Craft, E. E., Taylor, C. B., Graham, A. K., Sadeh-Sharvit, S., Balantekin, K. N., Eichen, D. M., ... & Wilfley, D. E. (2020). Effectiveness of a digital cognitive behavior therapy–guided self-help intervention for eating disorders in college women: A cluster randomized clinical trial. JAMA network open, 3(8), e2015633.;web;no;;yes;yes;Fitzsimmons-Craft_2020_msd_phq9_post_32_self-report_cbt_tau_NA_NA;0,188201883752424;0,0768232635534566;;;;;;
67;Fitzsimmons-Craft, 2020;cbt;tau;;;msd;edeq;self-report;ed psychopathology;32,0;post;2,7;1,33;385,0;3,05;1,22;305,0;;;;;;;;;;;;;;;;;;;;;;;;;;;;;1;1;sr;1;low;Fitzsimmons-Craft, E. E., Taylor, C. B., Graham, A. K., Sadeh-Sharvit, S., Balantekin, K. N., Eichen, D. M., ... & Wilfley, D. E. (2020). Effectiveness of a digital cognitive behavior therapy–guided self-help intervention for eating disorders in college women: A cluster randomized clinical trial. JAMA network open, 3(8), e2015633.;web;no;;yes;yes;Fitzsimmons-Craft_2020_msd_edeq_post_32_self-report_cbt_tau_NA_NA;0,272594291607924;0,077006849537721;;;;;;
68;Fitzsimmons-Craft, 2020;cbt;tau;;;msd;cia;self-report;impairment;32,0;post;19,95;12,36;385,0;20,98;11,49;305,0;;;;;;;;;;;;;;;;;;;;;;;;;;;;;1;1;sr;1;low;Fitzsimmons-Craft, E. E., Taylor, C. B., Graham, A. K., Sadeh-Sharvit, S., Balantekin, K. N., Eichen, D. M., ... & Wilfley, D. E. (2020). Effectiveness of a digital cognitive behavior therapy–guided self-help intervention for eating disorders in college women: A cluster randomized clinical trial. JAMA network open, 3(8), e2015633.;web;no;;yes;yes;Fitzsimmons-Craft_2020_msd_cia_post_32_self-report_cbt_tau_NA_NA;0,0858586990248636;0,0766905770943276;;;;;;
69;Fitzsimmons-Craft, 2020;cbt;tau;;;msd;edeq obe;self-report;obe frequency;32,0;post;4,53;5,35;385,0;5,41;5,96;305,0;;;;;;;;;;;;;;;;;;;;;;;;;;;;;1;1;sr;1;low;Fitzsimmons-Craft, E. E., Taylor, C. B., Graham, A. K., Sadeh-Sharvit, S., Balantekin, K. N., Eichen, D. M., ... & Wilfley, D. E. (2020). Effectiveness of a digital cognitive behavior therapy–guided self-help intervention for eating disorders in college women: A cluster randomized clinical trial. JAMA network open, 3(8), e2015633.;web;no;;yes;yes;Fitzsimmons-Craft_2020_msd_edeqobe_post_32_self-report_cbt_tau_NA_NA;0,156199031442595;0,0767711505384394;;;;;;
70;Fitzsimmons-Craft, 2020;cbt;tau;;;abstinence;zero ED behav;self-report;zero eating disorder behaviours;104,0;fu;;;;;;;;;;;;;;48,0;37,0;385,0;305,0;;;;;;;;;;;;;;;;;;1;1;sr;1;low;Fitzsimmons-Craft, E. E., Taylor, C. B., Graham, A. K., Sadeh-Sharvit, S., Balantekin, K. N., Eichen, D. M., ... & Wilfley, D. E. (2020). Effectiveness of a digital cognitive behavior therapy–guided self-help intervention for eating disorders in college women: A cluster randomized clinical trial. JAMA network open, 3(8), e2015633.;web;no;;yes;yes;Fitzsimmons-Craft_2020_abstinence_zeroEDbehav_fu_104_self-report_cbt_tau_NA_NA;0,0171756254081858;0,128778749923408;0,0273515405832938;0,204900632596309;48,0;37,0;385,0;305,0
71;Fitzsimmons-Craft, 2020;cbt;tau;;;msd;promis-a;self-report;anxiety;104,0;fu;8,84;4,37;385,0;9,41;4,2;305,0;;;;;;;;;;;;;;;;;;;;;;;;;;;;;1;1;sr;1;low;Fitzsimmons-Craft, E. E., Taylor, C. B., Graham, A. K., Sadeh-Sharvit, S., Balantekin, K. N., Eichen, D. M., ... & Wilfley, D. E. (2020). Effectiveness of a digital cognitive behavior therapy–guided self-help intervention for eating disorders in college women: A cluster randomized clinical trial. JAMA network open, 3(8), e2015633.;web;no;;yes;yes;Fitzsimmons-Craft_2020_msd_promis-a_fu_104_self-report_cbt_tau_NA_NA;0,132545716342327;0,076738840453334;;;;;;
72;Fitzsimmons-Craft, 2020;cbt;tau;;;msd;edeq comp;self-report;compensatory behavior;104,0;fu;3,2;7,18;385,0;3,35;8,48;305,0;;;;;;;;;;;;;;;;;;;;;;;;;;;;;1;1;sr;1;low;Fitzsimmons-Craft, E. E., Taylor, C. B., Graham, A. K., Sadeh-Sharvit, S., Balantekin, K. N., Eichen, D. M., ... & Wilfley, D. E. (2020). Effectiveness of a digital cognitive behavior therapy–guided self-help intervention for eating disorders in college women: A cluster randomized clinical trial. JAMA network open, 3(8), e2015633.;web;no;;yes;yes;Fitzsimmons-Craft_2020_msd_edeqcomp_fu_104_self-report_cbt_tau_NA_NA;0,0192560954440823;0,0766574223582558;;;;;;
73;Fitzsimmons-Craft, 2020;cbt;tau;;;msd;phq9;self-report;depression;104,0;fu;7,32;6,25;385,0;8,36;6,61;305,0;;;;;;;;;;;;;;;;;;;;;;;;;;;;;1;1;sr;1;low;Fitzsimmons-Craft, E. E., Taylor, C. B., Graham, A. K., Sadeh-Sharvit, S., Balantekin, K. N., Eichen, D. M., ... & Wilfley, D. E. (2020). Effectiveness of a digital cognitive behavior therapy–guided self-help intervention for eating disorders in college women: A cluster randomized clinical trial. JAMA network open, 3(8), e2015633.;web;no;;yes;yes;Fitzsimmons-Craft_2020_msd_phq9_fu_104_self-report_cbt_tau_NA_NA;0,162030054687316;0,0767799266152284;;;;;;
74;Fitzsimmons-Craft, 2020;cbt;tau;;;msd;edeq;self-report;ed psychopathology;104,0;fu;2,22;1,32;385,0;2,51;1,32;305,0;;;;;;;;;;;;;;;;;;;;;;;;;;;;;1;1;sr;1;low;Fitzsimmons-Craft, E. E., Taylor, C. B., Graham, A. K., Sadeh-Sharvit, S., Balantekin, K. N., Eichen, D. M., ... & Wilfley, D. E. (2020). Effectiveness of a digital cognitive behavior therapy–guided self-help intervention for eating disorders in college women: A cluster randomized clinical trial. JAMA network open, 3(8), e2015633.;web;no;;yes;yes;Fitzsimmons-Craft_2020_msd_edeq_fu_104_self-report_cbt_tau_NA_NA;0,219457387396318;0,0768834639824778;;;;;;
75;Fitzsimmons-Craft, 2020;cbt;tau;;;msd;cia;self-report;impairment;104,0;fu;15,66;11,94;385,0;17,29;11,95;305,0;;;;;;;;;;;;;;;;;;;;;;;;;;;;;1;1;sr;1;low;Fitzsimmons-Craft, E. E., Taylor, C. B., Graham, A. K., Sadeh-Sharvit, S., Balantekin, K. N., Eichen, D. M., ... & Wilfley, D. E. (2020). Effectiveness of a digital cognitive behavior therapy–guided self-help intervention for eating disorders in college women: A cluster randomized clinical trial. JAMA network open, 3(8), e2015633.;web;no;;yes;yes;Fitzsimmons-Craft_2020_msd_cia_fu_104_self-report_cbt_tau_NA_NA;0,136316582474426;0,0767436375763746;;;;;;
76;Fitzsimmons-Craft, 2020;cbt;tau;;;msd;edeq obe;self-report;obe frequency;104,0;fu;3,11;4,44;385,0;4,28;6,22;305,0;;;;;;;;;;;;;;;;;;;;;;;;;;;;;1;1;sr;1;low;Fitzsimmons-Craft, E. E., Taylor, C. B., Graham, A. K., Sadeh-Sharvit, S., Balantekin, K. N., Eichen, D. M., ... & Wilfley, D. E. (2020). Effectiveness of a digital cognitive behavior therapy–guided self-help intervention for eating disorders in college women: A cluster randomized clinical trial. JAMA network open, 3(8), e2015633.;web;no;;yes;yes;Fitzsimmons-Craft_2020_msd_edeqobe_fu_104_self-report_cbt_tau_NA_NA;0,220483316783238;0,0768855956098819;;;;;;
77;Green, 2018;dbi;wl;;;msd;stai;self-report;anxiety;;post;50,82;9,92;46,0;51,43;11,13;36,0;;;;;;;;;;;;;;;;;;;;;;;;;;;;;?;?;SR;1;high;Green, M. A., Kroska, A., Herrick, A., Bryant, B., Sage, E., Miles, L., ... & King, B. (2018). A preliminary trial of an online dissonance-based eating disorder intervention. Eating behaviors, 31, 88-98.;web;no;;no;no;Green_2018_msd_stai_post_NA_self-report_dbi_wl_NA_NA;0,0577325249018466;0,222570481812158;;;;;;
78;Green, 2018;dbi;wl;;;msd;bsq;self-report;body dissatisfaction;;post;114,31;32,37;46,0;119,81;32,95;36,0;;;;;;;;;;;;;;;;;;;;;;;;;;;;;?;?;SR;1;high;Green, M. A., Kroska, A., Herrick, A., Bryant, B., Sage, E., Miles, L., ... & King, B. (2018). A preliminary trial of an online dissonance-based eating disorder intervention. Eating behaviors, 31, 88-98.;web;no;;no;no;Green_2018_msd_bsq_post_NA_self-report_dbi_wl_NA_NA;0,166996865191714;0,222912989306744;;;;;;
79;Green, 2018;dbi;wl;;;msd;edeq;self-report;ed psychopathology;;post;2,71;1,14;46,0;3,0;1,2;36,0;;;;;;;;;;;;;;;;;;;;;;;;;;;;;?;?;SR;1;high;Green, M. A., Kroska, A., Herrick, A., Bryant, B., Sage, E., Miles, L., ... & King, B. (2018). A preliminary trial of an online dissonance-based eating disorder intervention. Eating behaviors, 31, 88-98.;web;no;;no;no;Green_2018_msd_edeq_post_NA_self-report_dbi_wl_NA_NA;0,246241555630666;0,223368947380437;;;;;;
80;Green, 2018;dbi;wl;;;msd;panas-n;self-report;negative affect;;post;25,97;7,26;46,0;24,83;6,53;36,0;;;;;;;;;;;;;;;;;;;;;;;;;;;;;?;?;SR;1;high;Green, M. A., Kroska, A., Herrick, A., Bryant, B., Sage, E., Miles, L., ... & King, B. (2018). A preliminary trial of an online dissonance-based eating disorder intervention. Eating behaviors, 31, 88-98.;web;no;;no;no;Green_2018_msd_panas-n_post_NA_self-report_dbi_wl_NA_NA;-0,162484641316412;0,222892266916391;;;;;;
81;Green, 2018;dbi;wl;;;msd;panas-p;self-report;positive affect;;post;30,06;5,81;46,0;27,92;7,45;36,0;;;;;;;;;;;;;;;;;;;;;;;;;;;;;?;?;SR;1;high;Green, M. A., Kroska, A., Herrick, A., Bryant, B., Sage, E., Miles, L., ... & King, B. (2018). A preliminary trial of an online dissonance-based eating disorder intervention. Eating behaviors, 31, 88-98.;web;no;;no;no;Green_2018_msd_panas-p_post_NA_self-report_dbi_wl_NA_NA;0,322267101159394;0,223969324212258;;;;;;
82;Green, 2018;dbi;wl;;;msd;rse;self-report;self-esteem;;post;16,03;4,18;46,0;16,11;6,34;36,0;;;;;;;;;;;;;;;;;;;;;;;;;;;;;?;?;SR;1;high;Green, M. A., Kroska, A., Herrick, A., Bryant, B., Sage, E., Miles, L., ... & King, B. (2018). A preliminary trial of an online dissonance-based eating disorder intervention. Eating behaviors, 31, 88-98.;web;no;;no;no;Green_2018_msd_rse_post_NA_self-report_dbi_wl_NA_NA;-0,0151356740504509;0,222527148328959;;;;;;
83;Green, 2018;dbi;wl;;;msd;stai;self-report;anxiety;8,0;fu;49,2;7,71;46,0;51,65;8,95;36,0;;;;;;;;;;;;;;;;;;;;;;;;;;;;;?;?;SR;1;high;Green, M. A., Kroska, A., Herrick, A., Bryant, B., Sage, E., Miles, L., ... & King, B. (2018). A preliminary trial of an online dissonance-based eating disorder intervention. Eating behaviors, 31, 88-98.;web;no;;no;no;Green_2018_msd_stai_fu_8_self-report_dbi_wl_NA_NA;0,29327415398048;0,223721619325839;;;;;;
84;Green, 2018;dbi;wl;;;msd;bsq;self-report;body dissatisfaction;8,0;fu;116,1;26,26;46,0;117,3;30,71;36,0;;;;;;;;;;;;;;;;;;;;;;;;;;;;;?;?;SR;1;high;Green, M. A., Kroska, A., Herrick, A., Bryant, B., Sage, E., Miles, L., ... & King, B. (2018). A preliminary trial of an online dissonance-based eating disorder intervention. Eating behaviors, 31, 88-98.;web;no;;no;no;Green_2018_msd_bsq_fu_8_self-report_dbi_wl_NA_NA;0,0420142569892988;0,222548594585993;;;;;;
85;Green, 2018;dbi;wl;;;msd;edeq;self-report;ed psychopathology;8,0;fu;2,8;0,84;46,0;2,66;1,07;36,0;;;;;;;;;;;;;;;;;;;;;;;;;;;;;?;?;SR;1;high;Green, M. A., Kroska, A., Herrick, A., Bryant, B., Sage, E., Miles, L., ... & King, B. (2018). A preliminary trial of an online dissonance-based eating disorder intervention. Eating behaviors, 31, 88-98.;web;no;;no;no;Green_2018_msd_edeq_fu_8_self-report_dbi_wl_NA_NA;-0,146364632414188;0,222822857587825;;;;;;
86;Green, 2018;dbi;wl;;;msd;panas-n;self-report;negative affect;8,0;fu;24,46;6,14;46,0;25,4;6,85;36,0;;;;;;;;;;;;;;;;;;;;;;;;;;;;;?;?;SR;1;high;Green, M. A., Kroska, A., Herrick, A., Bryant, B., Sage, E., Miles, L., ... & King, B. (2018). A preliminary trial of an online dissonance-based eating disorder intervention. Eating behaviors, 31, 88-98.;web;no;;no;no;Green_2018_msd_panas-n_fu_8_self-report_dbi_wl_NA_NA;0,144137182299345;0,222813834831122;;;;;;
87;Green, 2018;dbi;wl;;;msd;panas-p;self-report;positive affect;8,0;fu;30,3;5,77;46,0;28,72;4,55;36,0;;;;;;;;;;;;;;;;;;;;;;;;;;;;;?;?;SR;1;high;Green, M. A., Kroska, A., Herrick, A., Bryant, B., Sage, E., Miles, L., ... & King, B. (2018). A preliminary trial of an online dissonance-based eating disorder intervention. Eating behaviors, 31, 88-98.;web;no;;no;no;Green_2018_msd_panas-p_fu_8_self-report_dbi_wl_NA_NA;0,296928177107708;0,223751567375751;;;;;;
88;Green, 2018;dbi;wl;;;msd;rse;self-report;self-esteem;8,0;fu;16,24;4,16;46,0;15,28;3,93;36,0;;;;;;;;;;;;;;;;;;;;;;;;;;;;;?;?;SR;1;high;Green, M. A., Kroska, A., Herrick, A., Bryant, B., Sage, E., Miles, L., ... & King, B. (2018). A preliminary trial of an online dissonance-based eating disorder intervention. Eating behaviors, 31, 88-98.;web;no;;no;no;Green_2018_msd_rse_fu_8_self-report_dbi_wl_NA_NA;0,234173084784644;0,223288287521288;;;;;;
89;Hamatani, 2025;cbt;wl;;;msd;gad7;self-report;anxiety;12,0;post;7,62;4,67;29,0;8,43;4,96;30,0;;;;;;;;;;;;;;;;;;;;;;;;;;;;;1;1;sr;1;low;Hamatani, S., Matsumoto, K., Andersson, G., Sato, Y., Fukudo, S., Sudo, Y., ... & Inoue, T. (2025). Guided internet-based cognitive behavior therapy for women with bulimia nervosa: a randomized clinical trial. JAMA network open, 8(8), e2525165.;web;yes;bn;yes;yes;Hamatani_2025_msd_gad7_post_12_self-report_cbt_wl_NA_NA;0,165838337987329;0,26087439032416;;;;;;
90;Hamatani, 2025;cbt;wl;;;msd;edeq comp;self-report;compensatory behavior;12,0;post;5,24;7,26;29,0;9,13;8,13;30,0;;;;;;;;;;;;;;;;;;;;;;;;;;;;;1;1;sr;1;low;Hamatani, S., Matsumoto, K., Andersson, G., Sato, Y., Fukudo, S., Sudo, Y., ... & Inoue, T. (2025). Guided internet-based cognitive behavior therapy for women with bulimia nervosa: a randomized clinical trial. JAMA network open, 8(8), e2525165.;web;yes;bn;yes;yes;Hamatani_2025_msd_edeqcomp_post_12_self-report_cbt_wl_NA_NA;0,497555344626312;0,26451964271502;;;;;;
91;Hamatani, 2025;cbt;wl;;;msd;phq9;self-report;depression;12,0;post;12,07;6,6;29,0;12,33;5,86;30,0;;;;;;;;;;;;;;;;;;;;;;;;;;;;;1;1;sr;1;low;Hamatani, S., Matsumoto, K., Andersson, G., Sato, Y., Fukudo, S., Sudo, Y., ... & Inoue, T. (2025). Guided internet-based cognitive behavior therapy for women with bulimia nervosa: a randomized clinical trial. JAMA network open, 8(8), e2525165.;web;yes;bn;yes;yes;Hamatani_2025_msd_phq9_post_12_self-report_cbt_wl_NA_NA;0,0411523154734368;0,260443527002152;;;;;;
92;Hamatani, 2025;cbt;wl;;;msd;edeq;self-report;ed psychopathology;12,0;post;2,76;1,38;29,0;3,75;1,16;30,0;;;;;;;;;;;;;;;;;;;;;;;;;;;;;1;1;sr;1;low;Hamatani, S., Matsumoto, K., Andersson, G., Sato, Y., Fukudo, S., Sudo, Y., ... & Inoue, T. (2025). Guided internet-based cognitive behavior therapy for women with bulimia nervosa: a randomized clinical trial. JAMA network open, 8(8), e2525165.;web;yes;bn;yes;yes;Hamatani_2025_msd_edeq_post_12_self-report_cbt_wl_NA_NA;0,7675146606317;0,270079432168717;;;;;;
93;Hamatani, 2025;cbt;wl;;;msd;edeq obe;self-report;obe frequency;12,0;post;5,41;5,36;29,0;6,57;7,17;30,0;;;;;;;;;;;;;;;;;;;;;;;;;;;;;1;1;sr;1;low;Hamatani, S., Matsumoto, K., Andersson, G., Sato, Y., Fukudo, S., Sudo, Y., ... & Inoue, T. (2025). Guided internet-based cognitive behavior therapy for women with bulimia nervosa: a randomized clinical trial. JAMA network open, 8(8), e2525165.;web;yes;bn;yes;yes;Hamatani_2025_msd_edeqobe_post_12_self-report_cbt_wl_NA_NA;0,18038444693886;0,260958383654278;;;;;;
94;Hamatani, 2025;cbt;wl;;;msd;eq5d5l;self-report;quality of life;12,0;post;0,81;0,14;29,0;0,83;0,14;30,0;;;;;;;;;;;;;;;;;;;;;;;;;;;;;1;1;sr;1;low;Hamatani, S., Matsumoto, K., Andersson, G., Sato, Y., Fukudo, S., Sudo, Y., ... & Inoue, T. (2025). Guided internet-based cognitive behavior therapy for women with bulimia nervosa: a randomized clinical trial. JAMA network open, 8(8), e2525165.;web;yes;bn;yes;yes;Hamatani_2025_msd_eq5d5l_post_12_self-report_cbt_wl_NA_NA;-0,140969162995594;0,260747085295636;;;;;;
95;Hamatani, 2025;cbt;wl;;;msd;bbq;self-report;quality of life;12,0;post;34,34;22,93;29,0;28,23;20,73;30,0;;;;;;;;;;;;;;;;;;;;;;;;;;;;;1;1;sr;1;low;Hamatani, S., Matsumoto, K., Andersson, G., Sato, Y., Fukudo, S., Sudo, Y., ... & Inoue, T. (2025). Guided internet-based cognitive behavior therapy for women with bulimia nervosa: a randomized clinical trial. JAMA network open, 8(8), e2525165.;web;yes;bn;yes;yes;Hamatani_2025_msd_bbq_post_12_self-report_cbt_wl_NA_NA;0,276084656235655;0,261685814664754;;;;;;
96;Hartmann, 2024;cbt;wl;;;msd;gad7;self-report;anxiety;12,0;post;8,98;5,08;60,0;9,03;4,91;69,0;;;;;;;;;;;;;;;;;;;;;;;;;;;;;1;1;sr;1;low;Hartmann, S., Timm, C., Barnow, S., Rubel, J. A., Lalk, C., & Pruessner, L. (2024). Web-based cognitive behavioral treatment for bulimia nervosa: a randomized clinical trial. JAMA Network Open, 7(7), e2419019.;web;yes;bn;yes;yes;Hartmann_2024_msd_gad7_post_12_self-report_cbt_wl_NA_NA;0,0099613551973262;0,176521413684298;;;;;;
97;Hartmann, 2024;cbt;wl;;;msd;edeq comp;self-report;compensatory behavior;12,0;post;8,5;13,98;60,0;14,97;20,13;69,0;;;;;;;;;;;;;;;;;;;;;;;;;;;;;1;1;sr;1;low;Hartmann, S., Timm, C., Barnow, S., Rubel, J. A., Lalk, C., & Pruessner, L. (2024). Web-based cognitive behavioral treatment for bulimia nervosa: a randomized clinical trial. JAMA Network Open, 7(7), e2419019.;web;yes;bn;yes;yes;Hartmann_2024_msd_edeqcomp_post_12_self-report_cbt_wl_NA_NA;0,366622900427917;0,178007356516394;;;;;;
98;Hartmann, 2024;cbt;wl;;;msd;phq9;self-report;depression;12,0;post;11,02;5,67;60,0;12,39;5,22;69,0;;;;;;;;;;;;;;;;;;;;;;;;;;;;;1;1;sr;1;low;Hartmann, S., Timm, C., Barnow, S., Rubel, J. A., Lalk, C., & Pruessner, L. (2024). Web-based cognitive behavioral treatment for bulimia nervosa: a randomized clinical trial. JAMA Network Open, 7(7), e2419019.;web;yes;bn;yes;yes;Hartmann_2024_msd_phq9_post_12_self-report_cbt_wl_NA_NA;0,250638692231159;0,1772168586657;;;;;;
99;Hartmann, 2024;cbt;wl;;;msd;edeq;self-report;ed psychopathology;12,0;post;3,31;1,24;60,0;3,65;1,14;69,0;;;;;;;;;;;;;;;;;;;;;;;;;;;;;1;1;sr;1;low;Hartmann, S., Timm, C., Barnow, S., Rubel, J. A., Lalk, C., & Pruessner, L. (2024). Web-based cognitive behavioral treatment for bulimia nervosa: a randomized clinical trial. JAMA Network Open, 7(7), e2419019.;web;yes;bn;yes;yes;Hartmann_2024_msd_edeq_post_12_self-report_cbt_wl_NA_NA;0,284620535488915;0,177418029388902;;;;;;
100;Hartmann, 2024;cbt;wl;;;msd;cia;self-report;impairment;12,0;post;25,62;11,55;60,0;30,13;10,18;69,0;;;;;;;;;;;;;;;;;;;;;;;;;;;;;1;1;sr;1;low;Hartmann, S., Timm, C., Barnow, S., Rubel, J. A., Lalk, C., & Pruessner, L. (2024). Web-based cognitive behavioral treatment for bulimia nervosa: a randomized clinical trial. JAMA Network Open, 7(7), e2419019.;web;yes;bn;yes;yes;Hartmann_2024_msd_cia_post_12_self-report_cbt_wl_NA_NA;0,413665504744684;0,178411300570987;;;;;;
101;Hartmann, 2024;cbt;wl;;;msd;edeq obe;self-report;obe frequency;12,0;post;8,43;9,46;60,0;14,61;16,15;69,0;;;;;;;;;;;;;;;;;;;;;;;;;;;;;1;1;sr;1;low;Hartmann, S., Timm, C., Barnow, S., Rubel, J. A., Lalk, C., & Pruessner, L. (2024). Web-based cognitive behavioral treatment for bulimia nervosa: a randomized clinical trial. JAMA Network Open, 7(7), e2419019.;web;yes;bn;yes;yes;Hartmann_2024_msd_edeqobe_post_12_self-report_cbt_wl_NA_NA;0,456350580331654;0,178819046966507;;;;;;
102;Hartmann, 2024;cbt;wl;;;msd;who wbi;self-report;quality of life;12,0;post;39,07;20,8;60,0;40,52;19,56;69,0;;;;;;;;;;;;;;;;;;;;;;;;;;;;;1;1;sr;1;low;Hartmann, S., Timm, C., Barnow, S., Rubel, J. A., Lalk, C., & Pruessner, L. (2024). Web-based cognitive behavioral treatment for bulimia nervosa: a randomized clinical trial. JAMA Network Open, 7(7), e2419019.;web;yes;bn;yes;yes;Hartmann_2024_msd_whowbi_post_12_self-report_cbt_wl_NA_NA;-0,0715502706260321;0,176577178627674;;;;;;
103;Hartmann, 2024;cbt;wl;;;msd;rse;self-report;self-esteem;12,0;post;16,58;7,44;60,0;15,55;6,46;69,0;;;;;;;;;;;;;;;;;;;;;;;;;;;;;1;1;sr;1;low;Hartmann, S., Timm, C., Barnow, S., Rubel, J. A., Lalk, C., & Pruessner, L. (2024). Web-based cognitive behavioral treatment for bulimia nervosa: a randomized clinical trial. JAMA Network Open, 7(7), e2419019.;web;yes;bn;yes;yes;Hartmann_2024_msd_rse_post_12_self-report_cbt_wl_NA_NA;0,147695829291009;0,176762497303097;;;;;;
104;Heron, 2012;cbt;other ctrl;CBT;other ctrl;msd;edeq;self-report;ed psychopathology;8,0;post;109,14;32,15;44,0;115,16;34,51;43,0;;;;;;;;;;;;;;;;;;;;;;;;;;;;;?;?;sr;1;high;Heron, K. E. (2011). Ecological Momentary Intervention [EMI]: incorporating mobile technology into a disordered eating treatment program for college women. Syracuse University.;web;no;;yes;no;Heron_2012_msd_edeq_post_8_self-report_cbt_otherctrl_CBT_otherctrl;0,178982055039518;0,214873208514004;;;;;;
105;Heron, 2012;cbt;other ctrl;CBT;other ctrl;msd;bsq;self-report;body dissatisfaction;8,0;post;2,95;1,04;44,0;3,18;1,16;43,0;;;;;;;;;;;;;;;;;;;;;;;;;;;;;?;?;sr;1;high;Heron, K. E. (2011). Ecological Momentary Intervention [EMI]: incorporating mobile technology into a disordered eating treatment program for college women. Syracuse University.;web;no;;yes;no;Heron_2012_msd_bsq_post_8_self-report_cbt_otherctrl_CBT_otherctrl;0,207065466045179;0,215020745490839;;;;;;
106;Heron, 2012;cbt;other ctrl;CBT (+EMI);other ctrl;msd;edeq;self-report;ed psychopathology;8,0;post;119,37;33,36;44,0;115,16;34,51;43,0;;;;;;;;;;;;;;;;;;;;;;;;;;;;;?;?;sr;1;high;Heron, K. E. (2011). Ecological Momentary Intervention [EMI]: incorporating mobile technology into a disordered eating treatment program for college women. Syracuse University.;web;no;;yes;no;Heron_2012_msd_edeq_post_8_self-report_cbt_otherctrl_CBT(+EMI)_otherctrl;-0,122969682715963;0,21464284500086;;;;;;
107;Heron, 2012;cbt;other ctrl;CBT (+EMI);other ctrl;msd;bsq;self-report;body dissatisfaction;8,0;post;3,27;1,24;44,0;3,18;1,16;43,0;;;;;;;;;;;;;;;;;;;;;;;;;;;;;?;?;sr;1;high;Heron, K. E. (2011). Ecological Momentary Intervention [EMI]: incorporating mobile technology into a disordered eating treatment program for college women. Syracuse University.;web;no;;yes;no;Heron_2012_msd_bsq_post_8_self-report_cbt_otherctrl_CBT(+EMI)_otherctrl;-0,0742659337578935;0,214511895027711;;;;;;
108;Hotzel, 2014;motivation enhancement;wl;;;msd;edeq r;self-report;restraint;8,0;post;3,51;1,5;103,0;3,48;1,35;105,0;;;;;;;;;;;;;;;;;;;;;;;;;;;;;1;?;sr;1;low;Hötzel, K., von Brachel, R., Schmidt, U., Rieger, E., Kosfelder, J., Hechler, T., ... & Vocks, S. (2014). An internet-based program to enhance motivation to change in females with symptoms of an eating disorder: a randomized controlled trial. Psychological medicine, 44(9), 1947-1963.;web;no;;no;yes;Hotzel_2014_msd_edeqr_post_8_self-report_motivationenhancement_wl_NA_NA;-0,0209575804293513;0,138685294625094;;;;;;
109;Hotzel, 2014;motivation enhancement;wl;;;msd;edeq ec;self-report;eating concerns;8,0;post;2,79;1,39;103,0;2,91;1,39;105,0;;;;;;;;;;;;;;;;;;;;;;;;;;;;;1;?;sr;1;low;Hötzel, K., von Brachel, R., Schmidt, U., Rieger, E., Kosfelder, J., Hechler, T., ... & Vocks, S. (2014). An internet-based program to enhance motivation to change in females with symptoms of an eating disorder: a randomized controlled trial. Psychological medicine, 44(9), 1947-1963.;web;no;;no;yes;Hotzel_2014_msd_edeqec_post_8_self-report_motivationenhancement_wl_NA_NA;0,0860162416846597;0,138746038957169;;;;;;
110;Hotzel, 2014;motivation enhancement;wl;;;msd;rse;self-report;self-esteem;8,0;post;15,82;3,99;103,0;15,98;4,36;105,0;;;;;;;;;;;;;;;;;;;;;;;;;;;;;1;?;sr;1;low;Hötzel, K., von Brachel, R., Schmidt, U., Rieger, E., Kosfelder, J., Hechler, T., ... & Vocks, S. (2014). An internet-based program to enhance motivation to change in females with symptoms of an eating disorder: a randomized controlled trial. Psychological medicine, 44(9), 1947-1963.;web;no;;no;yes;Hotzel_2014_msd_rse_post_8_self-report_motivationenhancement_wl_NA_NA;-0,0381298572375902;0,138694152456185;;;;;;
111;Hotzel, 2014;motivation enhancement;wl;;;msd;edeq sc;self-report;shape concern;8,0;post;4,05;1,38;103,0;4,03;1,39;105,0;;;;;;;;;;;;;;;;;;;;;;;;;;;;;1;?;sr;1;low;Hötzel, K., von Brachel, R., Schmidt, U., Rieger, E., Kosfelder, J., Hechler, T., ... & Vocks, S. (2014). An internet-based program to enhance motivation to change in females with symptoms of an eating disorder: a randomized controlled trial. Psychological medicine, 44(9), 1947-1963.;web;no;;no;yes;Hotzel_2014_msd_edeqsc_post_8_self-report_motivationenhancement_wl_NA_NA;-0,0143871969325098;0,138683267234769;;;;;;
112;Hotzel, 2014;motivation enhancement;wl;;;msd;edeq vom;self-report;vomiting;8,0;post;6,72;9,2;103,0;8,9;10,91;105,0;;;;;;;;;;;;;;;;;;;;;;;;;;;;;1;?;sr;1;low;Hötzel, K., von Brachel, R., Schmidt, U., Rieger, E., Kosfelder, J., Hechler, T., ... & Vocks, S. (2014). An internet-based program to enhance motivation to change in females with symptoms of an eating disorder: a randomized controlled trial. Psychological medicine, 44(9), 1947-1963.;web;no;;no;yes;Hotzel_2014_msd_edeqvom_post_8_self-report_motivationenhancement_wl_NA_NA;0,215064304143712;0,139084674519221;;;;;;
113;Hotzel, 2014;motivation enhancement;wl;;;msd;edeq wc;self-report;weight concern;8,0;post;3,72;1,45;103,0;3,62;1,39;105,0;;;;;;;;;;;;;;;;;;;;;;;;;;;;;1;?;sr;1;low;Hötzel, K., von Brachel, R., Schmidt, U., Rieger, E., Kosfelder, J., Hechler, T., ... & Vocks, S. (2014). An internet-based program to enhance motivation to change in females with symptoms of an eating disorder: a randomized controlled trial. Psychological medicine, 44(9), 1947-1963.;web;no;;no;yes;Hotzel_2014_msd_edeqwc_post_8_self-report_motivationenhancement_wl_NA_NA;-0,0701645640839843;0,13872443343577;;;;;;
114;Jacobi, 2012;cbt;wl;;;abstinence;zero ED behav;self-report;binge abstinence;8,0;post;;;;;;;;;;;;;;23,0;10,0;64,0;62,0;;;;;;;;;;;;;;;;;;?;?;1;0;high;Jacobi, C., Völker, U., Trockel, M. T., & Taylor, C. B. (2012). Effects of an Internet-based intervention for subthreshold eating disorders: a randomized controlled trial. Behaviour research and therapy, 50(2), 93-99.;web;no;;yes;yes;Jacobi_2012_abstinence_zeroEDbehav_post_8_self-report_cbt_wl_NA_NA;0,58666489109135;0,238477168093193;0,801160424620524;0,334251744365681;23,0;10,0;64,0;62,0
115;Jacobi, 2012;cbt;wl;;;msd;edi;self-report;body dissatisfaction;8,0;post;4,1;1,0;51,0;4,2;0,9;52,0;;;;;;;;;;;;;;;;;;;;;;;;;;;;;?;?;1;0;high;Jacobi, C., Völker, U., Trockel, M. T., & Taylor, C. B. (2012). Effects of an Internet-based intervention for subthreshold eating disorders: a randomized controlled trial. Behaviour research and therapy, 50(2), 93-99.;web;no;;yes;yes;Jacobi_2012_msd_edi_post_8_self-report_cbt_wl_NA_NA;0,104389414252201;0,197211327288364;;;;;;
116;Jacobi, 2012;cbt;wl;;;msd;bdi;self-report;depression;8,0;post;6,8;6,6;51,0;6,9;4,5;52,0;;;;;;;;;;;;;;;;;;;;;;;;;;;;;?;?;1;0;high;Jacobi, C., Völker, U., Trockel, M. T., & Taylor, C. B. (2012). Effects of an Internet-based intervention for subthreshold eating disorders: a randomized controlled trial. Behaviour research and therapy, 50(2), 93-99.;web;no;;yes;yes;Jacobi_2012_msd_bdi_post_8_self-report_cbt_wl_NA_NA;0,0176040416119372;0,197079018158582;;;;;;
117;Jacobi, 2012;cbt;wl;;;msd;edeq r;self-report;restraint;8,0;post;1,7;1,3;51,0;1,9;1,3;52,0;;;;;;;;;;;;;;;;;;;;;;;;;;;;;?;?;1;0;high;Jacobi, C., Völker, U., Trockel, M. T., & Taylor, C. B. (2012). Effects of an Internet-based intervention for subthreshold eating disorders: a randomized controlled trial. Behaviour research and therapy, 50(2), 93-99.;web;no;;yes;yes;Jacobi_2012_msd_edeqr_post_8_self-report_cbt_wl_NA_NA;0,152700897117771;0,197366432490705;;;;;;
118;Jacobi, 2012;cbt;wl;;;msd;edeq ec;self-report;eating concerns;8,0;post;0,9;0,9;51,0;0,9;0,8;52,0;;;;;;;;;;;;;;;;;;;;;;;;;;;;;?;?;1;0;high;Jacobi, C., Völker, U., Trockel, M. T., & Taylor, C. B. (2012). Effects of an Internet-based intervention for subthreshold eating disorders: a randomized controlled trial. Behaviour research and therapy, 50(2), 93-99.;web;no;;yes;yes;Jacobi_2012_msd_edeqec_post_8_self-report_cbt_wl_NA_NA;0,0;0,197075143962967;;;;;;
119;Jacobi, 2012;cbt;wl;;;msd;edeq;self-report;ed psychopathology;8,0;post;1,9;1,11;51,0;2,0;1,0;52,0;;;;;;;;;;;;;;;;;;;;;;;;;;;;;?;?;1;0;high;Jacobi, C., Völker, U., Trockel, M. T., & Taylor, C. B. (2012). Effects of an Internet-based intervention for subthreshold eating disorders: a randomized controlled trial. Behaviour research and therapy, 50(2), 93-99.;web;no;;yes;yes;Jacobi_2012_msd_edeq_post_8_self-report_cbt_wl_NA_NA;0,0940019352405478;0,1971855805465;;;;;;
120;Jacobi, 2012;cbt;wl;;;msd;gsi;self-report;psychiatric distress;8,0;post;0,4;0,4;51,0;0,5;0,3;52,0;;;;;;;;;;;;;;;;;;;;;;;;;;;;;?;?;1;0;high;Jacobi, C., Völker, U., Trockel, M. T., & Taylor, C. B. (2012). Effects of an Internet-based intervention for subthreshold eating disorders: a randomized controlled trial. Behaviour research and therapy, 50(2), 93-99.;web;no;;yes;yes;Jacobi_2012_msd_gsi_post_8_self-report_cbt_wl_NA_NA;0,281127135226254;0,198060701523721;;;;;;
121;Jacobi, 2012;cbt;wl;;;msd;edeq obe;self-report;obe frequency;8,0;post;0,1;0,5;51,0;0,1;0,2;52,0;;;;;;;;;;;;;;;;;;;;;;;;;;;;;?;?;1;0;high;Jacobi, C., Völker, U., Trockel, M. T., & Taylor, C. B. (2012). Effects of an Internet-based intervention for subthreshold eating disorders: a randomized controlled trial. Behaviour research and therapy, 50(2), 93-99.;web;no;;yes;yes;Jacobi_2012_msd_edeqobe_post_8_self-report_cbt_wl_NA_NA;0,0;0,197075143962967;;;;;;
122;Jacobi, 2012;cbt;wl;;;msd;edeq sc;self-report;shape concern;8,0;post;2,8;1,4;51,0;2,9;1,2;52,0;;;;;;;;;;;;;;;;;;;;;;;;;;;;;?;?;1;0;high;Jacobi, C., Völker, U., Trockel, M. T., & Taylor, C. B. (2012). Effects of an Internet-based intervention for subthreshold eating disorders: a randomized controlled trial. Behaviour research and therapy, 50(2), 93-99.;web;no;;yes;yes;Jacobi_2012_msd_edeqsc_post_8_self-report_cbt_wl_NA_NA;0,076183260035686;0,197147687749787;;;;;;
123;Jacobi, 2012;cbt;wl;;;msd;wcs;self-report;weight concern;8,0;post;50,8;14,8;51,0;52,1;15,7;52,0;;;;;;;;;;;;;;;;;;;;;;;;;;;;;?;?;1;0;high;Jacobi, C., Völker, U., Trockel, M. T., & Taylor, C. B. (2012). Effects of an Internet-based intervention for subthreshold eating disorders: a randomized controlled trial. Behaviour research and therapy, 50(2), 93-99.;web;no;;yes;yes;Jacobi_2012_msd_wcs_post_8_self-report_cbt_wl_NA_NA;0,0845498268244803;0,197164492623928;;;;;;
124;Jacobi, 2012;cbt;wl;;;msd;edeq wc;self-report;weight concern;8,0;post;2,1;1,3;51,0;2,3;1,1;52,0;;;;;;;;;;;;;;;;;;;;;;;;;;;;;?;?;1;0;high;Jacobi, C., Völker, U., Trockel, M. T., & Taylor, C. B. (2012). Effects of an Internet-based intervention for subthreshold eating disorders: a randomized controlled trial. Behaviour research and therapy, 50(2), 93-99.;web;no;;yes;yes;Jacobi_2012_msd_edeqwc_post_8_self-report_cbt_wl_NA_NA;0,164989797377875;0,197415161042787;;;;;;
125;Jacobi, 2012;cbt;wl;;;abstinence;zero ED behav;self-report;binge abstinence;24,0;fu;;;;;;;;;;;;;;23,0;14,0;64,0;62,0;;;;;;;;;;;;;;;;;;?;?;1;0;high;Jacobi, C., Völker, U., Trockel, M. T., & Taylor, C. B. (2012). Effects of an Internet-based intervention for subthreshold eating disorders: a randomized controlled trial. Behaviour research and therapy, 50(2), 93-99.;web;no;;yes;yes;Jacobi_2012_abstinence_zeroEDbehav_fu_24_self-report_cbt_wl_NA_NA;0,358419904648867;0,22062141304353;0,464688187999311;0,288362272220331;23,0;14,0;64,0;62,0
126;Jacobi, 2012;cbt;wl;;;msd;edi;self-report;body dissatisfaction;24,0;fu;3,9;0,9;51,0;4,3;1,1;52,0;;;;;;;;;;;;;;;;;;;;;;;;;;;;;?;?;1;0;high;Jacobi, C., Völker, U., Trockel, M. T., & Taylor, C. B. (2012). Effects of an Internet-based intervention for subthreshold eating disorders: a randomized controlled trial. Behaviour research and therapy, 50(2), 93-99.;web;no;;yes;yes;Jacobi_2012_msd_edi_fu_24_self-report_cbt_wl_NA_NA;0,39466528681321;0,199012855225806;;;;;;
127;Jacobi, 2012;cbt;wl;;;msd;bdi;self-report;depression;24,0;fu;8,0;7,0;51,0;7,9;5,8;52,0;;;;;;;;;;;;;;;;;;;;;;;;;;;;;?;?;1;0;high;Jacobi, C., Völker, U., Trockel, M. T., & Taylor, C. B. (2012). Effects of an Internet-based intervention for subthreshold eating disorders: a randomized controlled trial. Behaviour research and therapy, 50(2), 93-99.;web;no;;yes;yes;Jacobi_2012_msd_bdi_fu_24_self-report_cbt_wl_NA_NA;-0,0154552048087842;0,197078130083131;;;;;;
128;Jacobi, 2012;cbt;wl;;;msd;edeq r;self-report;restraint;24,0;fu;1,4;1,1;51,0;2,0;1,3;52,0;;;;;;;;;;;;;;;;;;;;;;;;;;;;;?;?;1;0;high;Jacobi, C., Völker, U., Trockel, M. T., & Taylor, C. B. (2012). Effects of an Internet-based intervention for subthreshold eating disorders: a randomized controlled trial. Behaviour research and therapy, 50(2), 93-99.;web;no;;yes;yes;Jacobi_2012_msd_edeqr_fu_24_self-report_cbt_wl_NA_NA;0,494158907492808;0,200104630457782;;;;;;
129;Jacobi, 2012;cbt;wl;;;msd;edeq ec;self-report;eating concerns;24,0;fu;0,8;0,7;51,0;1,0;0,9;52,0;;;;;;;;;;;;;;;;;;;;;;;;;;;;;?;?;1;0;high;Jacobi, C., Völker, U., Trockel, M. T., & Taylor, C. B. (2012). Effects of an Internet-based intervention for subthreshold eating disorders: a randomized controlled trial. Behaviour research and therapy, 50(2), 93-99.;web;no;;yes;yes;Jacobi_2012_msd_edeqec_fu_24_self-report_cbt_wl_NA_NA;0,24592330250784;0,197829766410721;;;;;;
130;Jacobi, 2012;cbt;wl;;;msd;edeq;self-report;ed psychopathology;24,0;fu;1,6;1,0;51,0;2,1;1,0;52,0;;;;;;;;;;;;;;;;;;;;;;;;;;;;;?;?;1;0;high;Jacobi, C., Völker, U., Trockel, M. T., & Taylor, C. B. (2012). Effects of an Internet-based intervention for subthreshold eating disorders: a randomized controlled trial. Behaviour research and therapy, 50(2), 93-99.;web;no;;yes;yes;Jacobi_2012_msd_edeq_fu_24_self-report_cbt_wl_NA_NA;0,496277915632754;0,200130468947219;;;;;;
131;Jacobi, 2012;cbt;wl;;;msd;gsi;self-report;psychiatric distress;24,0;fu;0,5;0,4;51,0;0,5;0,4;52,0;;;;;;;;;;;;;;;;;;;;;;;;;;;;;?;?;1;0;high;Jacobi, C., Völker, U., Trockel, M. T., & Taylor, C. B. (2012). Effects of an Internet-based intervention for subthreshold eating disorders: a randomized controlled trial. Behaviour research and therapy, 50(2), 93-99.;web;no;;yes;yes;Jacobi_2012_msd_gsi_fu_24_self-report_cbt_wl_NA_NA;0,0;0,197075143962967;;;;;;
132;Jacobi, 2012;cbt;wl;;;msd;edeq obe;self-report;obe frequency;24,0;fu;0,0;0,2;51,0;0,2;0,8;52,0;;;;;;;;;;;;;;;;;;;;;;;;;;;;;?;?;1;0;high;Jacobi, C., Völker, U., Trockel, M. T., & Taylor, C. B. (2012). Effects of an Internet-based intervention for subthreshold eating disorders: a randomized controlled trial. Behaviour research and therapy, 50(2), 93-99.;web;no;;yes;yes;Jacobi_2012_msd_edeqobe_fu_24_self-report_cbt_wl_NA_NA;0,33896642740844;0,198506343878142;;;;;;
133;Jacobi, 2012;cbt;wl;;;msd;edeq sc;self-report;shape concern;24,0;fu;2,4;1,3;51,0;2,9;1,4;52,0;;;;;;;;;;;;;;;;;;;;;;;;;;;;;?;?;1;0;high;Jacobi, C., Völker, U., Trockel, M. T., & Taylor, C. B. (2012). Effects of an Internet-based intervention for subthreshold eating disorders: a randomized controlled trial. Behaviour research and therapy, 50(2), 93-99.;web;no;;yes;yes;Jacobi_2012_msd_edeqsc_fu_24_self-report_cbt_wl_NA_NA;0,367226940379008;0,198753887347563;;;;;;
134;Jacobi, 2012;cbt;wl;;;msd;wcs;self-report;weight concern;24,0;fu;49,4;17,2;51,0;53,1;16,1;52,0;;;;;;;;;;;;;;;;;;;;;;;;;;;;;?;?;1;0;high;Jacobi, C., Völker, U., Trockel, M. T., & Taylor, C. B. (2012). Effects of an Internet-based intervention for subthreshold eating disorders: a randomized controlled trial. Behaviour research and therapy, 50(2), 93-99.;web;no;;yes;yes;Jacobi_2012_msd_wcs_fu_24_self-report_cbt_wl_NA_NA;0,22051977738183;0,197682142752121;;;;;;
135;Jacobi, 2012;cbt;wl;;;msd;edeq wc;self-report;weight concern;24,0;fu;1,9;1,2;51,0;2,4;1,2;52,0;;;;;;;;;;;;;;;;;;;;;;;;;;;;;?;?;1;0;high;Jacobi, C., Völker, U., Trockel, M. T., & Taylor, C. B. (2012). Effects of an Internet-based intervention for subthreshold eating disorders: a randomized controlled trial. Behaviour research and therapy, 50(2), 93-99.;web;no;;yes;yes;Jacobi_2012_msd_edeqwc_fu_24_self-report_cbt_wl_NA_NA;0,413564929693962;0,199201869348806;;;;;;
136;Jacobi, 2018;fbt;wl;;;msd;ede r;interview;restraint;6,0;post;0,86;1,27;16,0;1,27;1,68;26,0;;;;;;;;;;;;;;;;;;;;;;;;;;;;;1;?;0;1;high;Jacobi, C., Hütter, K., Völker, U., Möbius, K., Richter, R., Trockel, M., ... & Taylor, C. B. (2018). Efficacy of a parent-based, indicated prevention for anorexia nervosa: randomized controlled trial. Journal of Medical Internet Research, 20(12), e296.;web;no;;yes;yes;Jacobi_2018_msd_eder_post_6_interview_fbt_wl_NA_NA;0,261362752970258;0,319071053227555;;;;;;
137;Jacobi, 2018;fbt;wl;;;msd;ede de;interview;driven exercise;6,0;post;24,4;5,77;5,0;11,0;10,39;7,0;;;;;;;;;;;;;;;;;;;;;;;;;;;;;1;?;0;1;high;Jacobi, C., Hütter, K., Völker, U., Möbius, K., Richter, R., Trockel, M., ... & Taylor, C. B. (2018). Efficacy of a parent-based, indicated prevention for anorexia nervosa: randomized controlled trial. Journal of Medical Internet Research, 20(12), e296.;web;no;;no;yes;Jacobi_2018_msd_edede_post_6_interview_fbt_wl_NA_NA;-1,39974644860601;0,662319663623794;;;;;;
138;Jacobi, 2018;fbt;wl;;;msd;ede ec;interview;eating concerns;6,0;post;0,49;0,58;16,0;0,8;1,29;26,0;;;;;;;;;;;;;;;;;;;;;;;;;;;;;1;?;0;1;high;Jacobi, C., Hütter, K., Völker, U., Möbius, K., Richter, R., Trockel, M., ... & Taylor, C. B. (2018). Efficacy of a parent-based, indicated prevention for anorexia nervosa: randomized controlled trial. Journal of Medical Internet Research, 20(12), e296.;web;no;;no;yes;Jacobi_2018_msd_edeec_post_6_interview_fbt_wl_NA_NA;0,281643882067109;0,319284407062791;;;;;;
139;Jacobi, 2018;fbt;wl;;;msd;ede;interview;ed psychopathology;6,0;post;1,09;1,02;16,0;1,38;1,54;26,0;;;;;;;;;;;;;;;;;;;;;;;;;;;;;1;?;0;1;high;Jacobi, C., Hütter, K., Völker, U., Möbius, K., Richter, R., Trockel, M., ... & Taylor, C. B. (2018). Efficacy of a parent-based, indicated prevention for anorexia nervosa: randomized controlled trial. Journal of Medical Internet Research, 20(12), e296.;web;no;;no;yes;Jacobi_2018_msd_ede_post_6_interview_fbt_wl_NA_NA;0,207934310057202;0,318584758234993;;;;;;
140;Jacobi, 2018;fbt;wl;;;msd;ede sc;interview;shape concern;6,0;post;1,57;1,35;16,0;1,84;1,8;26,0;;;;;;;;;;;;;;;;;;;;;;;;;;;;;1;?;0;1;high;Jacobi, C., Hütter, K., Völker, U., Möbius, K., Richter, R., Trockel, M., ... & Taylor, C. B. (2018). Efficacy of a parent-based, indicated prevention for anorexia nervosa: randomized controlled trial. Journal of Medical Internet Research, 20(12), e296.;web;no;;no;yes;Jacobi_2018_msd_edesc_post_6_interview_fbt_wl_NA_NA;0,160965139042789;0,318248276818357;;;;;;
141;Jacobi, 2018;fbt;wl;;;msd;wcs;self-report;weight concern;6,0;post;34,69;18,36;16,0;35,9;27,07;26,0;;;;;;;;;;;;;;;;;;;;;;;;;;;;;1;?;0;1;high;Jacobi, C., Hütter, K., Völker, U., Möbius, K., Richter, R., Trockel, M., ... & Taylor, C. B. (2018). Efficacy of a parent-based, indicated prevention for anorexia nervosa: randomized controlled trial. Journal of Medical Internet Research, 20(12), e296.;web;no;;no;yes;Jacobi_2018_msd_wcs_post_6_self-report_fbt_wl_NA_NA;0,0491086563775256;0,317791383707732;;;;;;
142;Jacobi, 2018;fbt;wl;;;msd;ede wc;interview;weight concern;6,0;post;1,44;1,32;16,0;1,59;1,69;26,0;;;;;;;;;;;;;;;;;;;;;;;;;;;;;1;?;0;1;high;Jacobi, C., Hütter, K., Völker, U., Möbius, K., Richter, R., Trockel, M., ... & Taylor, C. B. (2018). Efficacy of a parent-based, indicated prevention for anorexia nervosa: randomized controlled trial. Journal of Medical Internet Research, 20(12), e296.;web;no;;no;yes;Jacobi_2018_msd_edewc_post_6_interview_fbt_wl_NA_NA;0,0942455151192116;0,317917261557235;;;;;;
143;Jacobi, 2018;fbt;wl;;;msd;ede r;interview;restraint;68,0;fu;0,62;0,9;11,0;0,53;0,95;15,0;;;;;;;;;;;;;;;;;;;;;;;;;;;;;1;?;0;1;high;Jacobi, C., Hütter, K., Völker, U., Möbius, K., Richter, R., Trockel, M., ... & Taylor, C. B. (2018). Efficacy of a parent-based, indicated prevention for anorexia nervosa: randomized controlled trial. Journal of Medical Internet Research, 20(12), e296.;web;no;;no;yes;Jacobi_2018_msd_eder_fu_68_interview_fbt_wl_NA_NA;-0,0937692262761685;0,397185164290136;;;;;;
144;Jacobi, 2018;fbt;wl;;;msd;ede de;interview;driven exercise;68,0;fu;10,0;14,14;5,0;17,5;3,54;2,0;;;;;;;;;;;;;;;;;;;;;;;;;;;;;1;?;0;1;high;Jacobi, C., Hütter, K., Völker, U., Möbius, K., Richter, R., Trockel, M., ... & Taylor, C. B. (2018). Efficacy of a parent-based, indicated prevention for anorexia nervosa: randomized controlled trial. Journal of Medical Internet Research, 20(12), e296.;web;no;;no;yes;Jacobi_2018_msd_edede_fu_68_interview_fbt_wl_NA_NA;0,495515328735482;0,851311733097784;;;;;;
145;Jacobi, 2018;fbt;wl;;;msd;ede ec;interview;eating concerns;68,0;fu;0,62;1,55;11,0;0,29;0,42;15,0;;;;;;;;;;;;;;;;;;;;;;;;;;;;;1;?;0;1;high;Jacobi, C., Hütter, K., Völker, U., Möbius, K., Richter, R., Trockel, M., ... & Taylor, C. B. (2018). Efficacy of a parent-based, indicated prevention for anorexia nervosa: randomized controlled trial. Journal of Medical Internet Research, 20(12), e296.;web;no;;no;yes;Jacobi_2018_msd_edeec_fu_68_interview_fbt_wl_NA_NA;-0,304162100846937;0,399340463730947;;;;;;
146;Jacobi, 2018;fbt;wl;;;msd;ede;interview;ed psychopathology;68,0;fu;0,99;0,96;11,0;0,73;0,91;15,0;;;;;;;;;;;;;;;;;;;;;;;;;;;;;1;?;0;1;high;Jacobi, C., Hütter, K., Völker, U., Möbius, K., Richter, R., Trockel, M., ... & Taylor, C. B. (2018). Efficacy of a parent-based, indicated prevention for anorexia nervosa: randomized controlled trial. Journal of Medical Internet Research, 20(12), e296.;web;no;;no;yes;Jacobi_2018_msd_ede_fu_68_interview_fbt_wl_NA_NA;-0,270404186803351;0,398842174296244;;;;;;
147;Jacobi, 2018;fbt;wl;;;msd;ede sc;interview;shape concern;68,0;fu;1,39;1,0;11,0;1,11;1,41;15,0;;;;;;;;;;;;;;;;;;;;;;;;;;;;;1;?;0;1;high;Jacobi, C., Hütter, K., Völker, U., Möbius, K., Richter, R., Trockel, M., ... & Taylor, C. B. (2018). Efficacy of a parent-based, indicated prevention for anorexia nervosa: randomized controlled trial. Journal of Medical Internet Research, 20(12), e296.;web;no;;no;yes;Jacobi_2018_msd_edesc_fu_68_interview_fbt_wl_NA_NA;-0,215968388753021;0,398160994375959;;;;;;
148;Jacobi, 2018;fbt;wl;;;msd;wcs;self-report;weight concern;68,0;fu;26,21;19,75;11,0;20,33;20,89;15,0;;;;;;;;;;;;;;;;;;;;;;;;;;;;;1;?;0;1;high;Jacobi, C., Hütter, K., Völker, U., Möbius, K., Richter, R., Trockel, M., ... & Taylor, C. B. (2018). Efficacy of a parent-based, indicated prevention for anorexia nervosa: randomized controlled trial. Journal of Medical Internet Research, 20(12), e296.;web;no;;no;yes;Jacobi_2018_msd_wcs_fu_68_self-report_fbt_wl_NA_NA;-0,278822391946399;0,398961009057538;;;;;;
149;Jacobi, 2018;fbt;wl;;;msd;ede wc;interview;weight concern;68,0;fu;1,33;1,24;11,0;0,97;1,33;15,0;;;;;;;;;;;;;;;;;;;;;;;;;;;;;1;?;0;1;high;Jacobi, C., Hütter, K., Völker, U., Möbius, K., Richter, R., Trockel, M., ... & Taylor, C. B. (2018). Efficacy of a parent-based, indicated prevention for anorexia nervosa: randomized controlled trial. Journal of Medical Internet Research, 20(12), e296.;web;no;;no;yes;Jacobi_2018_msd_edewc_fu_68_interview_fbt_wl_NA_NA;-0,269575496513046;0,398830671244474;;;;;;
150;Jones, 2008;cbt;wl;;;msd;ebi;interview;obe frequency;16,0;post;11,29;9,76;52,0;13,22;10,79;53,0;;;;;;;;;;;;;;;;;;;;;;;;;;;;;?;?;0;1;high;Jones, M., Luce, K. H., Osborne, M. I., Taylor, K., Cunning, D., Doyle, A. C., ... & Taylor, C. B. (2008). Randomized, controlled trial of an internet-facilitated intervention for reducing binge eating and overweight in adolescents. Pediatrics, 121(3), 453-462.;web;no;;yes;yes;Jones_2008_msd_ebi_post_16_interview_cbt_wl_NA_NA;0,186139390305069;0,195617276513649;;;;;;
151;Jones, 2008;cbt;wl;;;msd;ede;interview;weight/shape concern;16,0;post;7,44;17,89;52,0;6,16;16,1;53,0;;;;;;;;;;;;;;;;;;;;;;;;;;;;;?;?;0;1;high;Jones, M., Luce, K. H., Osborne, M. I., Taylor, K., Cunning, D., Doyle, A. C., ... & Taylor, C. B. (2008). Randomized, controlled trial of an internet-facilitated intervention for reducing binge eating and overweight in adolescents. Pediatrics, 121(3), 453-462.;web;no;;yes;yes;Jones_2008_msd_ede_post_16_interview_cbt_wl_NA_NA;-0,0747011520204562;0,195257928512852;;;;;;
152;Jones, 2008;cbt;wl;;;msd;cesd;self-report;depression;16,0;post;11,29;9,76;52,0;13,22;10,79;53,0;;;;;;;;;;;;;;;;;;;;;;;;;;;;;?;?;0;1;high;Jones, M., Luce, K. H., Osborne, M. I., Taylor, K., Cunning, D., Doyle, A. C., ... & Taylor, C. B. (2008). Randomized, controlled trial of an internet-facilitated intervention for reducing binge eating and overweight in adolescents. Pediatrics, 121(3), 453-462.;web;no;;yes;yes;Jones_2008_msd_cesd_post_16_self-report_cbt_wl_NA_NA;0,186139390305069;0,195617276513649;;;;;;
153;Jones, 2008;cbt;wl;;;msd;ebi;interview;obe frequency;36,0;fu;9,0;19,45;52,0;3,2;8,92;53,0;;;;;;;;;;;;;;;;;;;;;;;;;;;;;?;?;0;1;high;Jones, M., Luce, K. H., Osborne, M. I., Taylor, K., Cunning, D., Doyle, A. C., ... & Taylor, C. B. (2008). Randomized, controlled trial of an internet-facilitated intervention for reducing binge eating and overweight in adolescents. Pediatrics, 121(3), 453-462.;web;no;;yes;yes;Jones_2008_msd_ebi_fu_36_interview_cbt_wl_NA_NA;-0,381742615238203;0,196984457241738;;;;;;
154;Jones, 2008;cbt;wl;;;msd;ede;interview;weight/shape concern;36,0;fu;1,0;8,2;52,0;1,25;0,77;53,0;;;;;;;;;;;;;;;;;;;;;;;;;;;;;?;?;0;1;high;Jones, M., Luce, K. H., Osborne, M. I., Taylor, K., Cunning, D., Doyle, A. C., ... & Taylor, C. B. (2008). Randomized, controlled trial of an internet-facilitated intervention for reducing binge eating and overweight in adolescents. Pediatrics, 121(3), 453-462.;web;no;;yes;yes;Jones_2008_msd_ede_fu_36_interview_cbt_wl_NA_NA;0,0428187977849312;0,195211560455724;;;;;;
155;Jones, 2008;cbt;wl;;;msd;cesd;self-report;depression;36,0;fu;12,35;11,57;52,0;11,16;11,05;53,0;;;;;;;;;;;;;;;;;;;;;;;;;;;;;?;?;0;1;high;Jones, M., Luce, K. H., Osborne, M. I., Taylor, K., Cunning, D., Doyle, A. C., ... & Taylor, C. B. (2008). Randomized, controlled trial of an internet-facilitated intervention for reducing binge eating and overweight in adolescents. Pediatrics, 121(3), 453-462.;web;no;;yes;yes;Jones_2008_msd_cesd_fu_36_self-report_cbt_wl_NA_NA;-0,104444330946848;0,195323849741072;;;;;;
156;Linardon, 2022;cbt;wl;;;abstinence;zero OBEs;self-report;binge abstinence;4,0;post;;;;;;;;;;;;;;3,0;3,0;197,0;195,0;;;;;;;;;;;;;;;;;;1;1;sr;1;low;Linardon, J., Shatte, A., Rosato, J., & Fuller-Tyszkiewicz, M. (2022). Efficacy of a transdiagnostic cognitive-behavioral intervention for eating disorder psychopathology delivered through a smartphone app: a randomized controlled trial. Psychological Medicine, 52(9), 1679-1690.;app;no;;yes;no;Linardon_2022_abstinence_zeroOBEs_post_4_self-report_cbt_wl_NA_NA;-0,005702309759312;0,453643398724754;-0,0102041701742417;0,810223623085924;3,0;3,0;197,0;195,0
157;Linardon, 2022;cbt;wl;;;msd;phq2;self-report;anxiety;4,0;post;2,98;1,62;92,0;3,56;1,71;153,0;;;;;;;;;;;;;;;;;;;;;;;;;;;;;1;1;sr;1;low;Linardon, J., Shatte, A., Rosato, J., & Fuller-Tyszkiewicz, M. (2022). Efficacy of a transdiagnostic cognitive-behavioral intervention for eating disorder psychopathology delivered through a smartphone app: a randomized controlled trial. Psychological Medicine, 52(9), 1679-1690.;app;no;;yes;no;Linardon_2022_msd_phq2_post_4_self-report_cbt_wl_NA_NA;0,34481548367526;0,132852051858771;;;;;;
158;Linardon, 2022;cbt;wl;;;msd;edeq exer;self-report;compensatory behavior;4,0;post;2,63;8,29;95,0;3,52;6,12;155,0;;;;;;;;;;;;;;;;;;;;;;;;;;;;;1;1;sr;1;low;Linardon, J., Shatte, A., Rosato, J., & Fuller-Tyszkiewicz, M. (2022). Efficacy of a transdiagnostic cognitive-behavioral intervention for eating disorder psychopathology delivered through a smartphone app: a randomized controlled trial. Psychological Medicine, 52(9), 1679-1690.;app;no;;yes;no;Linardon_2022_msd_edeqexer_post_4_self-report_cbt_wl_NA_NA;0,126363212558172;0,130422614025812;;;;;;
159;Linardon, 2022;cbt;wl;;;msd;gad2;self-report;depression;4,0;post;2,39;1,65;92,0;2,96;1,76;153,0;;;;;;;;;;;;;;;;;;;;;;;;;;;;;1;1;sr;1;low;Linardon, J., Shatte, A., Rosato, J., & Fuller-Tyszkiewicz, M. (2022). Efficacy of a transdiagnostic cognitive-behavioral intervention for eating disorder psychopathology delivered through a smartphone app: a randomized controlled trial. Psychological Medicine, 52(9), 1679-1690.;app;no;;yes;no;Linardon_2022_msd_gad2_post_4_self-report_cbt_wl_NA_NA;0,330442379801017;0,132777021629721;;;;;;
160;Linardon, 2022;cbt;wl;;;msd;edeq r;self-report;restraint;4,0;post;2,55;1,46;95,0;3,2;1,63;166,0;;;;;;;;;;;;;;;;;;;;;;;;;;;;;1;1;sr;1;low;Linardon, J., Shatte, A., Rosato, J., & Fuller-Tyszkiewicz, M. (2022). Efficacy of a transdiagnostic cognitive-behavioral intervention for eating disorder psychopathology delivered through a smartphone app: a randomized controlled trial. Psychological Medicine, 52(9), 1679-1690.;app;no;;yes;no;Linardon_2022_msd_edeqr_post_4_self-report_cbt_wl_NA_NA;0,412699653282883;0,129917656185156;;;;;;
161;Linardon, 2022;cbt;wl;;;msd;edeq ec;self-report;eating concerns;4,0;post;2,66;1,51;95,0;3,26;1,48;155,0;;;;;;;;;;;;;;;;;;;;;;;;;;;;;1;1;sr;1;low;Linardon, J., Shatte, A., Rosato, J., & Fuller-Tyszkiewicz, M. (2022). Efficacy of a transdiagnostic cognitive-behavioral intervention for eating disorder psychopathology delivered through a smartphone app: a randomized controlled trial. Psychological Medicine, 52(9), 1679-1690.;app;no;;yes;no;Linardon_2022_msd_edeqec_post_4_self-report_cbt_wl_NA_NA;0,401077386204916;0,13153559062442;;;;;;
162;Linardon, 2022;cbt;wl;;;msd;edeq;self-report;ed psychopathology;4,0;post;3,15;1,27;95,0;3,84;1,16;153,0;;;;;;;;;;;;;;;;;;;;;;;;;;;;;1;1;sr;1;low;Linardon, J., Shatte, A., Rosato, J., & Fuller-Tyszkiewicz, M. (2022). Efficacy of a transdiagnostic cognitive-behavioral intervention for eating disorder psychopathology delivered through a smartphone app: a randomized controlled trial. Psychological Medicine, 52(9), 1679-1690.;app;no;;yes;no;Linardon_2022_msd_edeq_post_4_self-report_cbt_wl_NA_NA;0,571710946939948;0,133136331942892;;;;;;
163;Linardon, 2022;cbt;wl;;;msd;phq4;self-report;psychiatric distress;4,0;post;5,36;3,0;92,0;6,51;3,07;153,0;;;;;;;;;;;;;;;;;;;;;;;;;;;;;1;1;sr;1;low;Linardon, J., Shatte, A., Rosato, J., & Fuller-Tyszkiewicz, M. (2022). Efficacy of a transdiagnostic cognitive-behavioral intervention for eating disorder psychopathology delivered through a smartphone app: a randomized controlled trial. Psychological Medicine, 52(9), 1679-1690.;app;no;;yes;no;Linardon_2022_msd_phq4_post_4_self-report_cbt_wl_NA_NA;0,376628300438211;0,133029310897193;;;;;;
164;Linardon, 2022;cbt;wl;;;msd;cia;self-report;impairment;4,0;post;23,05;12,03;93,0;29,44;11,63;154,0;;;;;;;;;;;;;;;;;;;;;;;;;;;;;1;1;sr;1;low;Linardon, J., Shatte, A., Rosato, J., & Fuller-Tyszkiewicz, M. (2022). Efficacy of a transdiagnostic cognitive-behavioral intervention for eating disorder psychopathology delivered through a smartphone app: a randomized controlled trial. Psychological Medicine, 52(9), 1679-1690.;app;no;;yes;no;Linardon_2022_msd_cia_post_4_self-report_cbt_wl_NA_NA;0,540700121512503;0,133572652467673;;;;;;
165;Linardon, 2022;cbt;wl;;;msd;edeq obe;self-report;obe frequency;4,0;post;11,51;10,43;96,0;17,06;14,9;156,0;;;;;;;;;;;;;;;;;;;;;;;;;;;;;1;1;sr;1;low;Linardon, J., Shatte, A., Rosato, J., & Fuller-Tyszkiewicz, M. (2022). Efficacy of a transdiagnostic cognitive-behavioral intervention for eating disorder psychopathology delivered through a smartphone app: a randomized controlled trial. Psychological Medicine, 52(9), 1679-1690.;app;no;;yes;no;Linardon_2022_msd_edeqobe_post_4_self-report_cbt_wl_NA_NA;0,413598702820259;0,13102817744224;;;;;;
166;Linardon, 2022;cbt;wl;;;msd;edeq sc;self-report;shape concern;4,0;post;3,83;1,52;95,0;4,59;1,28;153,0;;;;;;;;;;;;;;;;;;;;;;;;;;;;;1;1;sr;1;low;Linardon, J., Shatte, A., Rosato, J., & Fuller-Tyszkiewicz, M. (2022). Efficacy of a transdiagnostic cognitive-behavioral intervention for eating disorder psychopathology delivered through a smartphone app: a randomized controlled trial. Psychological Medicine, 52(9), 1679-1690.;app;no;;yes;no;Linardon_2022_msd_edeqsc_post_4_self-report_cbt_wl_NA_NA;0,550377741760615;0,132953846738868;;;;;;
167;Linardon, 2022;cbt;wl;;;msd;edeq wc;self-report;weight concern;4,0;post;3,56;1,44;95,0;4,23;1,22;155,0;;;;;;;;;;;;;;;;;;;;;;;;;;;;;1;1;sr;1;low;Linardon, J., Shatte, A., Rosato, J., & Fuller-Tyszkiewicz, M. (2022). Efficacy of a transdiagnostic cognitive-behavioral intervention for eating disorder psychopathology delivered through a smartphone app: a randomized controlled trial. Psychological Medicine, 52(9), 1679-1690.;app;no;;yes;no;Linardon_2022_msd_edeqwc_post_4_self-report_cbt_wl_NA_NA;0,510779446311282;0,132298501738028;;;;;;
168;Linardon, 2023;cbt;wl;cbt (web);wl;abstinence;zero oBEs;self-report;binge abstinence;4,0;post;;;;;;;;;;;;;;4,0;1,0;199,0;202,0;;;;;;;;;;;;;;;;;;1;1;sr;1;low;Linardon, J., Shatte, A., McClure, Z., & Fuller-Tyszkiewicz, M. (2023). A broad v. focused digital intervention for recurrent binge eating: a randomized controlled non-inferiority trial. Psychological Medicine, 53(10), 4580-4591.;web;no;;yes;no;Linardon_2023_abstinence_zerooBEs_post_4_self-report_cbt_wl_cbt(web)_wl;0,779543364955263;0,618890525514563;1,4012572337966;1,11356381915109;4,0;1,0;199,0;202,0
169;Linardon, 2023;cbt;wl;cbt (web);wl;msd;gad2;self-report;anxiety;4,0;post;3,06;1,72;92,0;3,5;1,96;155,0;;;;;;;;;;;;;;;;;;;;;;;;;;;;;1;1;sr;1;low;Linardon, J., Shatte, A., McClure, Z., & Fuller-Tyszkiewicz, M. (2023). A broad v. focused digital intervention for recurrent binge eating: a randomized controlled non-inferiority trial. Psychological Medicine, 53(10), 4580-4591.;web;no;;yes;no;Linardon_2023_msd_gad2_post_4_self-report_cbt_wl_cbt(web)_wl;0,23401649392324;0,132033020120319;;;;;;
170;Linardon, 2023;cbt;wl;cbt (web);wl;msd;edeq comp;self-report;compensatory behavior;4,0;post;2,01;3,58;92,0;4,22;9,09;155,0;;;;;;;;;;;;;;;;;;;;;;;;;;;;;1;1;sr;1;low;Linardon, J., Shatte, A., McClure, Z., & Fuller-Tyszkiewicz, M. (2023). A broad v. focused digital intervention for recurrent binge eating: a randomized controlled non-inferiority trial. Psychological Medicine, 53(10), 4580-4591.;web;no;;yes;no;Linardon_2023_msd_edeqcomp_post_4_self-report_cbt_wl_cbt(web)_wl;0,292600710635809;0,132270764953698;;;;;;
171;Linardon, 2023;cbt;wl;cbt (web);wl;msd;phq2;self-report;depression;4,0;post;2,61;1,88;92,0;2,94;1,8;155,0;;;;;;;;;;;;;;;;;;;;;;;;;;;;;1;1;sr;1;low;Linardon, J., Shatte, A., McClure, Z., & Fuller-Tyszkiewicz, M. (2023). A broad v. focused digital intervention for recurrent binge eating: a randomized controlled non-inferiority trial. Psychological Medicine, 53(10), 4580-4591.;web;no;;yes;no;Linardon_2023_msd_phq2_post_4_self-report_cbt_wl_cbt(web)_wl;0,179763242027273;0,131859756937276;;;;;;
172;Linardon, 2023;cbt;wl;cbt (web);wl;msd;edeq r;self-report;restraint;4,0;post;1,97;1,45;92,0;3,07;1,54;155,0;;;;;;;;;;;;;;;;;;;;;;;;;;;;;1;1;sr;1;low;Linardon, J., Shatte, A., McClure, Z., & Fuller-Tyszkiewicz, M. (2023). A broad v. focused digital intervention for recurrent binge eating: a randomized controlled non-inferiority trial. Psychological Medicine, 53(10), 4580-4591.;web;no;;yes;no;Linardon_2023_msd_edeqr_post_4_self-report_cbt_wl_cbt(web)_wl;0,727594216048115;0,135644471615375;;;;;;
173;Linardon, 2023;cbt;wl;cbt (web);wl;msd;edeq ec;self-report;eating concerns;4,0;post;2,43;1,42;92,0;3,42;1,25;155,0;;;;;;;;;;;;;;;;;;;;;;;;;;;;;1;1;sr;1;low;Linardon, J., Shatte, A., McClure, Z., & Fuller-Tyszkiewicz, M. (2023). A broad v. focused digital intervention for recurrent binge eating: a randomized controlled non-inferiority trial. Psychological Medicine, 53(10), 4580-4591.;web;no;;yes;no;Linardon_2023_msd_edeqec_post_4_self-report_cbt_wl_cbt(web)_wl;0,750139988490935;0,13589437277944;;;;;;
174;Linardon, 2023;cbt;wl;cbt (web);wl;msd;edeq;self-report;ed psychopathology;4,0;post;2,93;1,27;92,0;3,85;0,96;155,0;;;;;;;;;;;;;;;;;;;;;;;;;;;;;1;1;sr;1;low;Linardon, J., Shatte, A., McClure, Z., & Fuller-Tyszkiewicz, M. (2023). A broad v. focused digital intervention for recurrent binge eating: a randomized controlled non-inferiority trial. Psychological Medicine, 53(10), 4580-4591.;web;no;;yes;no;Linardon_2023_msd_edeq_post_4_self-report_cbt_wl_cbt(web)_wl;0,844917640964961;0,13702258449426;;;;;;
175;Linardon, 2023;cbt;wl;cbt (web);wl;msd;phq4;self-report;psychiatric distress;4,0;post;5,68;3,34;92,0;6,22;3,17;155,0;;;;;;;;;;;;;;;;;;;;;;;;;;;;;1;1;sr;1;low;Linardon, J., Shatte, A., McClure, Z., & Fuller-Tyszkiewicz, M. (2023). A broad v. focused digital intervention for recurrent binge eating: a randomized controlled non-inferiority trial. Psychological Medicine, 53(10), 4580-4591.;web;no;;yes;no;Linardon_2023_msd_phq4_post_4_self-report_cbt_wl_cbt(web)_wl;0,166454627732368;0,131824166160522;;;;;;
176;Linardon, 2023;cbt;wl;cbt (web);wl;msd;edeq obe;self-report;obe frequency;4,0;post;10,62;10,69;95,0;17,78;16,16;155,0;;;;;;;;;;;;;;;;;;;;;;;;;;;;;1;1;sr;1;low;Linardon, J., Shatte, A., McClure, Z., & Fuller-Tyszkiewicz, M. (2023). A broad v. focused digital intervention for recurrent binge eating: a randomized controlled non-inferiority trial. Psychological Medicine, 53(10), 4580-4591.;web;no;;yes;no;Linardon_2023_msd_edeqobe_post_4_self-report_cbt_wl_cbt(web)_wl;0,497982824569811;0,132200298937817;;;;;;
177;Linardon, 2023;cbt;wl;cbt (web);wl;msd;edeq sc;self-report;shape concern;4,0;post;3,76;1,61;92,0;4,68;1,01;155,0;;;;;;;;;;;;;;;;;;;;;;;;;;;;;1;1;sr;1;low;Linardon, J., Shatte, A., McClure, Z., & Fuller-Tyszkiewicz, M. (2023). A broad v. focused digital intervention for recurrent binge eating: a randomized controlled non-inferiority trial. Psychological Medicine, 53(10), 4580-4591.;web;no;;yes;no;Linardon_2023_msd_edeqsc_post_4_self-report_cbt_wl_cbt(web)_wl;0,724193637963265;0,135607401668507;;;;;;
178;Linardon, 2023;cbt;wl;cbt (web);wl;msd;edeq wc;self-report;weight concern;4,0;post;3,55;1,58;92,0;4,23;1,03;155,0;;;;;;;;;;;;;;;;;;;;;;;;;;;;;1;1;sr;1;low;Linardon, J., Shatte, A., McClure, Z., & Fuller-Tyszkiewicz, M. (2023). A broad v. focused digital intervention for recurrent binge eating: a randomized controlled non-inferiority trial. Psychological Medicine, 53(10), 4580-4591.;web;no;;yes;no;Linardon_2023_msd_edeqwc_post_4_self-report_cbt_wl_cbt(web)_wl;0,536933132382628;0,13382215389166;;;;;;
179;Linardon, 2023;cbt;wl;cbt (app);wl;abstinence;zero oBEs;self-report;binge abstinence;4,0;post;;;;;;;;;;;;;;6,0;1,0;199,0;202,0;;;;;;;;;;;;;;;;;;1;1;sr;1;low;Linardon, J., Shatte, A., McClure, Z., & Fuller-Tyszkiewicz, M. (2023). A broad v. focused digital intervention for recurrent binge eating: a randomized controlled non-inferiority trial. Psychological Medicine, 53(10), 4580-4591.;web;no;;yes;no;Linardon_2023_abstinence_zerooBEs_post_4_self-report_cbt_wl_cbt(app)_wl;1,00834069777433;0,598089742345439;1,80672234190477;1,07549572104636;6,0;1,0;199,0;202,0
180;Linardon, 2023;cbt;wl;cbt (app);wl;msd;gad2;self-report;anxiety;4,0;post;2,77;1,66;120,0;3,5;1,96;155,0;;;;;;;;;;;;;;;;;;;;;;;;;;;;;1;1;sr;1;low;Linardon, J., Shatte, A., McClure, Z., & Fuller-Tyszkiewicz, M. (2023). A broad v. focused digital intervention for recurrent binge eating: a randomized controlled non-inferiority trial. Psychological Medicine, 53(10), 4580-4591.;app;no;;yes;no;Linardon_2023_msd_gad2_post_4_self-report_cbt_wl_cbt(app)_wl;0,396667918536494;0,122770553012227;;;;;;
181;Linardon, 2023;cbt;wl;cbt (app);wl;msd;edeq comp;self-report;compensatory behavior;4,0;post;1,35;2,83;122,0;4,22;9,09;155,0;;;;;;;;;;;;;;;;;;;;;;;;;;;;;1;1;sr;1;low;Linardon, J., Shatte, A., McClure, Z., & Fuller-Tyszkiewicz, M. (2023). A broad v. focused digital intervention for recurrent binge eating: a randomized controlled non-inferiority trial. Psychological Medicine, 53(10), 4580-4591.;app;no;;yes;no;Linardon_2023_msd_edeqcomp_post_4_self-report_cbt_wl_cbt(app)_wl;0,405601027828222;0,122257578560039;;;;;;
182;Linardon, 2023;cbt;wl;cbt (app);wl;msd;phq2;self-report;depression;4,0;post;2,56;1,95;120,0;2,94;1,8;155,0;;;;;;;;;;;;;;;;;;;;;;;;;;;;;1;1;sr;1;low;Linardon, J., Shatte, A., McClure, Z., & Fuller-Tyszkiewicz, M. (2023). A broad v. focused digital intervention for recurrent binge eating: a randomized controlled non-inferiority trial. Psychological Medicine, 53(10), 4580-4591.;app;no;;yes;no;Linardon_2023_msd_phq2_post_4_self-report_cbt_wl_cbt(app)_wl;0,202989871190687;0,12190273965175;;;;;;
183;Linardon, 2023;cbt;wl;cbt (app);wl;msd;edeq r;self-report;restraint;4,0;post;2,08;1,49;122,0;3,07;1,54;155,0;;;;;;;;;;;;;;;;;;;;;;;;;;;;;1;1;sr;1;low;Linardon, J., Shatte, A., McClure, Z., & Fuller-Tyszkiewicz, M. (2023). A broad v. focused digital intervention for recurrent binge eating: a randomized controlled non-inferiority trial. Psychological Medicine, 53(10), 4580-4591.;app;no;;yes;no;Linardon_2023_msd_edeqr_post_4_self-report_cbt_wl_cbt(app)_wl;0,650306723153072;0,124160678891398;;;;;;
184;Linardon, 2023;cbt;wl;cbt (app);wl;msd;edeq ec;self-report;eating concerns;4,0;post;2,57;1,44;122,0;3,42;1,25;155,0;;;;;;;;;;;;;;;;;;;;;;;;;;;;;1;1;sr;1;low;Linardon, J., Shatte, A., McClure, Z., & Fuller-Tyszkiewicz, M. (2023). A broad v. focused digital intervention for recurrent binge eating: a randomized controlled non-inferiority trial. Psychological Medicine, 53(10), 4580-4591.;app;no;;yes;no;Linardon_2023_msd_edeqec_post_4_self-report_cbt_wl_cbt(app)_wl;0,634049047480156;0,124007971031589;;;;;;
185;Linardon, 2023;cbt;wl;cbt (app);wl;msd;edeq;self-report;ed psychopathology;4,0;post;3,06;1,14;122,0;3,85;0,96;155,0;;;;;;;;;;;;;;;;;;;;;;;;;;;;;1;1;sr;1;low;Linardon, J., Shatte, A., McClure, Z., & Fuller-Tyszkiewicz, M. (2023). A broad v. focused digital intervention for recurrent binge eating: a randomized controlled non-inferiority trial. Psychological Medicine, 53(10), 4580-4591.;app;no;;yes;no;Linardon_2023_msd_edeq_post_4_self-report_cbt_wl_cbt(app)_wl;0,755338241117249;0,125235090551492;;;;;;
186;Linardon, 2023;cbt;wl;cbt (app);wl;msd;phq4;self-report;psychiatric distress;4,0;post;5,34;3,14;122,0;6,22;3,17;155,0;;;;;;;;;;;;;;;;;;;;;;;;;;;;;1;1;sr;1;low;Linardon, J., Shatte, A., McClure, Z., & Fuller-Tyszkiewicz, M. (2023). A broad v. focused digital intervention for recurrent binge eating: a randomized controlled non-inferiority trial. Psychological Medicine, 53(10), 4580-4591.;app;no;;yes;no;Linardon_2023_msd_phq4_post_4_self-report_cbt_wl_cbt(app)_wl;0,277999256131512;0,121608387911062;;;;;;
187;Linardon, 2023;cbt;wl;cbt (app);wl;msd;edeq obe;self-report;obe frequency;4,0;post;10,3;6,95;126,0;17,78;16,16;155,0;;;;;;;;;;;;;;;;;;;;;;;;;;;;;1;1;sr;1;low;Linardon, J., Shatte, A., McClure, Z., & Fuller-Tyszkiewicz, M. (2023). A broad v. focused digital intervention for recurrent binge eating: a randomized controlled non-inferiority trial. Psychological Medicine, 53(10), 4580-4591.;app;no;;yes;no;Linardon_2023_msd_edeqobe_post_4_self-report_cbt_wl_cbt(app)_wl;0,57937248806623;0,12242806019978;;;;;;
188;Linardon, 2023;cbt;wl;cbt (app);wl;msd;edeq sc;self-report;shape concern;4,0;post;3,92;1,38;122,0;4,68;1,01;155,0;;;;;;;;;;;;;;;;;;;;;;;;;;;;;1;1;sr;1;low;Linardon, J., Shatte, A., McClure, Z., & Fuller-Tyszkiewicz, M. (2023). A broad v. focused digital intervention for recurrent binge eating: a randomized controlled non-inferiority trial. Psychological Medicine, 53(10), 4580-4591.;app;no;;yes;no;Linardon_2023_msd_edeqsc_post_4_self-report_cbt_wl_cbt(app)_wl;0,638471284534516;0,124049144700842;;;;;;
189;Linardon, 2023;cbt;wl;cbt (app);wl;msd;edeq wc;self-report;weight concern;4,0;post;3,67;1,25;122,0;4,23;1,03;155,0;;;;;;;;;;;;;;;;;;;;;;;;;;;;;1;1;sr;1;low;Linardon, J., Shatte, A., McClure, Z., & Fuller-Tyszkiewicz, M. (2023). A broad v. focused digital intervention for recurrent binge eating: a randomized controlled non-inferiority trial. Psychological Medicine, 53(10), 4580-4591.;app;no;;yes;no;Linardon_2023_msd_edeqwc_post_4_self-report_cbt_wl_cbt(app)_wl;0,493314591724446;0,122841438430231;;;;;;
190;Linardon, 2024;dbt;wl;;;abstinence;zero OBEs;self-report;binge abstinence;4,0;post;;;;;;;;;;;;;;5,0;4,0;287,0;289,0;;;;;;;;;;;;;;;;;;1;1;sr;1;low;Linardon, J., Anderson, C., McClure, Z., Liu, C., Messer, M., Jarman, H. K., & Fuller-Tyszkiewicz, M. (2024). A dialectical behavior therapy skills training smartphone app for recurrent binge eating: a randomized clinical trial. Psychological Medicine, 54(16), 4646-4657.;app;no;;yes;no;Linardon_2024_abstinence_zeroOBEs_post_4_self-report_dbt_wl_NA_NA;0,128691266249226;0,372730494626753;0,230088023667021;0,665624122031385;5,0;4,0;287,0;289,0
191;Linardon, 2024;dbt;wl;;;msd;gad2;self-report;anxiety;4,0;post;2,88;1,77;148,0;3,25;1,73;287,0;;;;;;;;;;;;;;;;;;;;;;;;;;;;;1;1;sr;1;low;Linardon, J., Anderson, C., McClure, Z., Liu, C., Messer, M., Jarman, H. K., & Fuller-Tyszkiewicz, M. (2024). A dialectical behavior therapy skills training smartphone app for recurrent binge eating: a randomized clinical trial. Psychological Medicine, 54(16), 4646-4657.;app;no;;no;no;Linardon_2024_msd_gad2_post_4_self-report_dbt_wl_NA_NA;0,211826831753655;0,10145359511091;;;;;;
192;Linardon, 2024;dbt;wl;;;msd;edeq comp;self-report;compensatory behavior;4,0;post;1,71;3,35;149,0;3,93;8,58;287,0;;;;;;;;;;;;;;;;;;;;;;;;;;;;;1;1;sr;1;low;Linardon, J., Anderson, C., McClure, Z., Liu, C., Messer, M., Jarman, H. K., & Fuller-Tyszkiewicz, M. (2024). A dialectical behavior therapy skills training smartphone app for recurrent binge eating: a randomized clinical trial. Psychological Medicine, 54(16), 4646-4657.;app;no;;no;no;Linardon_2024_msd_edeqcomp_post_4_self-report_dbt_wl_NA_NA;0,306328758119073;0,101507214800445;;;;;;
193;Linardon, 2024;dbt;wl;;;msd;phq2;self-report;depression;4,0;post;2,35;1,79;148,0;2,65;1,85;287,0;;;;;;;;;;;;;;;;;;;;;;;;;;;;;1;1;sr;1;low;Linardon, J., Anderson, C., McClure, Z., Liu, C., Messer, M., Jarman, H. K., & Fuller-Tyszkiewicz, M. (2024). A dialectical behavior therapy skills training smartphone app for recurrent binge eating: a randomized clinical trial. Psychological Medicine, 54(16), 4646-4657.;app;no;;no;no;Linardon_2024_msd_phq2_post_4_self-report_dbt_wl_NA_NA;0,16366362980438;0,101350740341979;;;;;;
194;Linardon, 2024;dbt;wl;;;msd;edeq r;self-report;restraint;4,0;post;2,35;1,49;149,0;2,87;1,63;287,0;;;;;;;;;;;;;;;;;;;;;;;;;;;;;1;1;sr;1;low;Linardon, J., Anderson, C., McClure, Z., Liu, C., Messer, M., Jarman, H. K., & Fuller-Tyszkiewicz, M. (2024). A dialectical behavior therapy skills training smartphone app for recurrent binge eating: a randomized clinical trial. Psychological Medicine, 54(16), 4646-4657.;app;no;;no;no;Linardon_2024_msd_edeqr_post_4_self-report_dbt_wl_NA_NA;0,327787761323274;0,101584318193801;;;;;;
195;Linardon, 2024;dbt;wl;;;msd;edeq ec;self-report;eating concerns;4,0;post;2,56;1,38;149,0;3,18;1,36;287,0;;;;;;;;;;;;;;;;;;;;;;;;;;;;;1;1;sr;1;low;Linardon, J., Anderson, C., McClure, Z., Liu, C., Messer, M., Jarman, H. K., & Fuller-Tyszkiewicz, M. (2024). A dialectical behavior therapy skills training smartphone app for recurrent binge eating: a randomized clinical trial. Psychological Medicine, 54(16), 4646-4657.;app;no;;no;no;Linardon_2024_msd_edeqec_post_4_self-report_dbt_wl_NA_NA;0,452812322907741;0,102135604404443;;;;;;
196;Linardon, 2024;dbt;wl;;;msd;edeq;self-report;ed psychopathology;4,0;post;3,05;1,16;149,0;3,64;1,13;287,0;;;;;;;;;;;;;;;;;;;;;;;;;;;;;1;1;sr;1;low;Linardon, J., Anderson, C., McClure, Z., Liu, C., Messer, M., Jarman, H. K., & Fuller-Tyszkiewicz, M. (2024). A dialectical behavior therapy skills training smartphone app for recurrent binge eating: a randomized clinical trial. Psychological Medicine, 54(16), 4646-4657.;app;no;;no;no;Linardon_2024_msd_edeq_post_4_self-report_dbt_wl_NA_NA;0,516504395218711;0,102482815068121;;;;;;
197;Linardon, 2024;dbt;wl;;;msd;phq4;self-report;psychiatric distress;4,0;post;5,24;3,09;148,0;5,91;3,21;287,0;;;;;;;;;;;;;;;;;;;;;;;;;;;;;1;1;sr;1;low;Linardon, J., Anderson, C., McClure, Z., Liu, C., Messer, M., Jarman, H. K., & Fuller-Tyszkiewicz, M. (2024). A dialectical behavior therapy skills training smartphone app for recurrent binge eating: a randomized clinical trial. Psychological Medicine, 54(16), 4646-4657.;app;no;;no;no;Linardon_2024_msd_phq4_post_4_self-report_dbt_wl_NA_NA;0,211005450343919;0,10145162083793;;;;;;
198;Linardon, 2024;dbt;wl;;;msd;edeq obe;self-report;obe frequency;4,0;post;12,35;12,15;149,0;18,02;14,24;287,0;;;;;;;;;;;;;;;;;;;;;;;;;;;;;1;1;sr;1;low;Linardon, J., Anderson, C., McClure, Z., Liu, C., Messer, M., Jarman, H. K., & Fuller-Tyszkiewicz, M. (2024). A dialectical behavior therapy skills training smartphone app for recurrent binge eating: a randomized clinical trial. Psychological Medicine, 54(16), 4646-4657.;app;no;;no;no;Linardon_2024_msd_edeqobe_post_4_self-report_dbt_wl_NA_NA;0,417310396560094;0,101961430764011;;;;;;
199;Linardon, 2024;dbt;wl;;;msd;edeq sc;self-report;shape concern;4,0;post;3,81;1,42;149,0;4,48;1,29;287,0;;;;;;;;;;;;;;;;;;;;;;;;;;;;;1;1;sr;1;low;Linardon, J., Anderson, C., McClure, Z., Liu, C., Messer, M., Jarman, H. K., & Fuller-Tyszkiewicz, M. (2024). A dialectical behavior therapy skills training smartphone app for recurrent binge eating: a randomized clinical trial. Psychological Medicine, 54(16), 4646-4657.;app;no;;no;no;Linardon_2024_msd_edeqsc_post_4_self-report_dbt_wl_NA_NA;0,500722003800945;0,102392639850399;;;;;;
200;Linardon, 2024;dbt;wl;;;msd;edeq wc;self-report;weight concern;4,0;post;3,49;1,34;149,0;4,05;1,19;287,0;;;;;;;;;;;;;;;;;;;;;;;;;;;;;1;1;sr;1;low;Linardon, J., Anderson, C., McClure, Z., Liu, C., Messer, M., Jarman, H. K., & Fuller-Tyszkiewicz, M. (2024). A dialectical behavior therapy skills training smartphone app for recurrent binge eating: a randomized clinical trial. Psychological Medicine, 54(16), 4646-4657.;app;no;;no;no;Linardon_2024_msd_edeqwc_post_4_self-report_dbt_wl_NA_NA;0,449676155119432;0,102119658307548;;;;;;
201;Melisse, 2023;cbt;wl;;;abstinence;zero OBEs;interview;binge abstinence;12,0;post;;;;;;;;;;;;;;43,0;9,0;90,0;90,0;;;;;;;;;;;;;;;;;;1;1;1;1;low;Melisse, B., Berg, E. V. D., Jonge, M. D., Blankers, M., Furth, E. V., Dekker, J., & Beurs, E. D. (2023). Efficacy of web-based, guided self-help cognitive behavioral therapy–enhanced for binge eating disorder: randomized controlled trial. Journal of Medical Internet Research, 25, e40472.;web;yes;bed;yes;yes;Melisse_2023_abstinence_zeroOBEs_post_12_interview_cbt_wl_NA_NA;1,15744963240543;0,225970338087035;1,56397553835734;0,334880132050824;43,0;9,0;90,0;90,0
202;Melisse, 2023;cbt;wl;;;msd;ede r;interview;restraint;12,0;post;0,7;0,9;90,0;1,6;1,2;90,0;;;;;;;;;;;;;;;;;;;;;;;;;;;;;1;1;1;1;low;Melisse, B., Berg, E. V. D., Jonge, M. D., Blankers, M., Furth, E. V., Dekker, J., & Beurs, E. D. (2023). Efficacy of web-based, guided self-help cognitive behavioral therapy–enhanced for binge eating disorder: randomized controlled trial. Journal of Medical Internet Research, 25, e40472.;web;yes;bed;yes;yes;Melisse_2023_msd_eder_post_12_interview_cbt_wl_NA_NA;0,844947849924179;0,15563490039905;;;;;;
203;Melisse, 2023;cbt;wl;;;msd;ede ec;interview;eating concerns;12,0;post;1,1;1,0;90,0;2,3;1,3;90,0;;;;;;;;;;;;;;;;;;;;;;;;;;;;;1;1;1;1;low;Melisse, B., Berg, E. V. D., Jonge, M. D., Blankers, M., Furth, E. V., Dekker, J., & Beurs, E. D. (2023). Efficacy of web-based, guided self-help cognitive behavioral therapy–enhanced for binge eating disorder: randomized controlled trial. Journal of Medical Internet Research, 25, e40472.;web;yes;bed;yes;yes;Melisse_2023_msd_edeec_post_12_interview_cbt_wl_NA_NA;1,03034759291116;0,158733109077437;;;;;;
204;Melisse, 2023;cbt;wl;;;msd;ede;interview;ed psychopathology;12,0;post;1,7;0,9;90,0;2,8;0,9;90,0;;;;;;;;;;;;;;;;;;;;;;;;;;;;;1;1;1;1;low;Melisse, B., Berg, E. V. D., Jonge, M. D., Blankers, M., Furth, E. V., Dekker, J., & Beurs, E. D. (2023). Efficacy of web-based, guided self-help cognitive behavioral therapy–enhanced for binge eating disorder: randomized controlled trial. Journal of Medical Internet Research, 25, e40472.;web;yes;bed;yes;yes;Melisse_2023_msd_ede_post_12_interview_cbt_wl_NA_NA;1,21706516643225;0,162393787173287;;;;;;
205;Melisse, 2023;cbt;wl;;;msd;cia;self-report;impairment;12,0;post;12,0;8,8;90,0;21,5;8,6;90,0;;;;;;;;;;;;;;;;;;;;;;;;;;;;;1;1;1;1;low;Melisse, B., Berg, E. V. D., Jonge, M. D., Blankers, M., Furth, E. V., Dekker, J., & Beurs, E. D. (2023). Efficacy of web-based, guided self-help cognitive behavioral therapy–enhanced for binge eating disorder: randomized controlled trial. Journal of Medical Internet Research, 25, e40472.;web;yes;bed;yes;yes;Melisse_2023_msd_cia_post_12_self-report_cbt_wl_NA_NA;1,08727480021578;0,159793322039389;;;;;;
206;Melisse, 2023;cbt;wl;;;msd;ede obe;interview;obe frequency;12,0;post;2,6;5,2;90,0;13,1;13,8;90,0;;;;;;;;;;;;;;;;;;;;;;;;;;;;;1;1;1;1;low;Melisse, B., Berg, E. V. D., Jonge, M. D., Blankers, M., Furth, E. V., Dekker, J., & Beurs, E. D. (2023). Efficacy of web-based, guided self-help cognitive behavioral therapy–enhanced for binge eating disorder: randomized controlled trial. Journal of Medical Internet Research, 25, e40472.;web;yes;bed;yes;yes;Melisse_2023_msd_edeobe_post_12_interview_cbt_wl_NA_NA;1,00267062497747;0,158235815007359;;;;;;
207;Melisse, 2023;cbt;wl;;;msd;ede sc;interview;shape concern;12,0;post;2,5;1,2;90,0;3,8;1,1;90,0;;;;;;;;;;;;;;;;;;;;;;;;;;;;;1;1;1;1;low;Melisse, B., Berg, E. V. D., Jonge, M. D., Blankers, M., Furth, E. V., Dekker, J., & Beurs, E. D. (2023). Efficacy of web-based, guided self-help cognitive behavioral therapy–enhanced for binge eating disorder: randomized controlled trial. Journal of Medical Internet Research, 25, e40472.;web;yes;bed;yes;yes;Melisse_2023_msd_edesc_post_12_interview_cbt_wl_NA_NA;1,1246025660735;0,160515417207898;;;;;;
208;Melisse, 2023;cbt;wl;;;msd;ede wc;interview;weight concern;12,0;post;2,5;1,2;90,0;3,5;1,1;90,0;;;;;;;;;;;;;;;;;;;;;;;;;;;;;1;1;1;1;low;Melisse, B., Berg, E. V. D., Jonge, M. D., Blankers, M., Furth, E. V., Dekker, J., & Beurs, E. D. (2023). Efficacy of web-based, guided self-help cognitive behavioral therapy–enhanced for binge eating disorder: randomized controlled trial. Journal of Medical Internet Research, 25, e40472.;web;yes;bed;yes;yes;Melisse_2023_msd_edewc_post_12_interview_cbt_wl_NA_NA;0,865078896979615;0,155944407661584;;;;;;
209;Messer, 2024;cbt;wl;;;abstinence;zero OBEs;self-report;binge abstinence;4,0;post;;;;;;;;;;;;;;3,0;1,0;99,0;102,0;;;;;;;;;;;;;;;;;;1;1;sr;1;low;Messer, M., Fuller‐Tyszkiewicz, M., Liu, C., Anderson, C., & Linardon, J. (2024). A randomized controlled trial of an online single session intervention for body image in individuals with recurrent binge eating. International Journal of Eating Disorders, 57(8), 1668-1679.;web;no;;yes;no;Messer_2024_abstinence_zeroOBEs_post_4_self-report_cbt_wl_NA_NA;0,631297670618946;0,641451916877923;1,12846525181779;1,14604903981623;3,0;1,0;99,0;102,0
210;Messer, 2024;cbt;wl;;;msd;gad2;self-report;anxiety;4,0;post;3,0;1,93;61,0;2,88;1,86;71,0;;;;;;;;;;;;;;;;;;;;;;;;;;;;;1;1;sr;1;low;Messer, M., Fuller‐Tyszkiewicz, M., Liu, C., Anderson, C., & Linardon, J. (2024). A randomized controlled trial of an online single session intervention for body image in individuals with recurrent binge eating. International Journal of Eating Disorders, 57(8), 1668-1679.;web;no;;yes;no;Messer_2024_msd_gad2_post_4_self-report_cbt_wl_NA_NA;-0,063037357752787;0,17462295703148;;;;;;
211;Messer, 2024;cbt;wl;;;msd;bsq;self-report;body dissatisfaction;4,0;post;25,41;7,52;63,0;31,73;7,6;74,0;;;;;;;;;;;;;;;;;;;;;;;;;;;;;1;1;sr;1;low;Messer, M., Fuller‐Tyszkiewicz, M., Liu, C., Anderson, C., & Linardon, J. (2024). A randomized controlled trial of an online single session intervention for body image in individuals with recurrent binge eating. International Journal of Eating Disorders, 57(8), 1668-1679.;web;no;;yes;no;Messer_2024_msd_bsq_post_4_self-report_cbt_wl_NA_NA;0,830956102710852;0,178703237167863;;;;;;
212;Messer, 2024;cbt;wl;;;msd;phq4;self-report;depression;4,0;post;2,45;1,91;61,0;3,33;1,96;71,0;;;;;;;;;;;;;;;;;;;;;;;;;;;;;1;1;sr;1;low;Messer, M., Fuller‐Tyszkiewicz, M., Liu, C., Anderson, C., & Linardon, J. (2024). A randomized controlled trial of an online single session intervention for body image in individuals with recurrent binge eating. International Journal of Eating Disorders, 57(8), 1668-1679.;web;no;;yes;no;Messer_2024_msd_phq4_post_4_self-report_cbt_wl_NA_NA;0,451665256341427;0,176804112002897;;;;;;
213;Messer, 2024;cbt;wl;;;msd;edeq r;self-report;restraint;4,0;post;2,15;1,32;62,0;3,1;1,42;71,0;;;;;;;;;;;;;;;;;;;;;;;;;;;;;1;1;sr;1;low;Messer, M., Fuller‐Tyszkiewicz, M., Liu, C., Anderson, C., & Linardon, J. (2024). A randomized controlled trial of an online single session intervention for body image in individuals with recurrent binge eating. International Journal of Eating Disorders, 57(8), 1668-1679.;web;no;;yes;no;Messer_2024_msd_edeqr_post_4_self-report_cbt_wl_NA_NA;0,687275510145085;0,178912913743187;;;;;;
214;Messer, 2024;cbt;wl;;;msd;edeq ec;self-report;eating concerns;4,0;post;2,33;1,41;62,0;3,13;1,49;71,0;;;;;;;;;;;;;;;;;;;;;;;;;;;;;1;1;sr;1;low;Messer, M., Fuller‐Tyszkiewicz, M., Liu, C., Anderson, C., & Linardon, J. (2024). A randomized controlled trial of an online single session intervention for body image in individuals with recurrent binge eating. International Journal of Eating Disorders, 57(8), 1668-1679.;web;no;;yes;no;Messer_2024_msd_edeqec_post_4_self-report_cbt_wl_NA_NA;0,547315241921188;0,177066974609452;;;;;;
215;Messer, 2024;cbt;wl;;;msd;edeq;self-report;ed psychopathology;4,0;post;2,81;1,32;62,0;3,67;1,18;71,0;;;;;;;;;;;;;;;;;;;;;;;;;;;;;1;1;sr;1;low;Messer, M., Fuller‐Tyszkiewicz, M., Liu, C., Anderson, C., & Linardon, J. (2024). A randomized controlled trial of an online single session intervention for body image in individuals with recurrent binge eating. International Journal of Eating Disorders, 57(8), 1668-1679.;web;no;;yes;no;Messer_2024_msd_edeq_post_4_self-report_cbt_wl_NA_NA;0,685618070998563;0,17888872868199;;;;;;
216;Messer, 2024;cbt;wl;;;msd;phq4 pd;self-report;psychiatric distress;4,0;post;5,46;3,54;61,0;6,23;3,52;71,0;;;;;;;;;;;;;;;;;;;;;;;;;;;;;1;1;sr;1;low;Messer, M., Fuller‐Tyszkiewicz, M., Liu, C., Anderson, C., & Linardon, J. (2024). A randomized controlled trial of an online single session intervention for body image in individuals with recurrent binge eating. International Journal of Eating Disorders, 57(8), 1668-1679.;web;no;;yes;no;Messer_2024_msd_phq4pd_post_4_self-report_cbt_wl_NA_NA;0,216915845991296;0,175094994868982;;;;;;
217;Messer, 2024;cbt;wl;;;msd;edeq obe;self-report;obe frequency;4,0;post;8,63;8,85;63,0;12,7;9,49;74,0;;;;;;;;;;;;;;;;;;;;;;;;;;;;;1;1;sr;1;low;Messer, M., Fuller‐Tyszkiewicz, M., Liu, C., Anderson, C., & Linardon, J. (2024). A randomized controlled trial of an online single session intervention for body image in individuals with recurrent binge eating. International Journal of Eating Disorders, 57(8), 1668-1679.;web;no;;yes;no;Messer_2024_msd_edeqobe_post_4_self-report_cbt_wl_NA_NA;0,439852373643585;0,173495103250892;;;;;;
218;Messer, 2024;cbt;wl;;;msd;edeq sc;self-report;shape concern;4,0;post;3,55;1,6;62,0;4,48;1,22;71,0;;;;;;;;;;;;;;;;;;;;;;;;;;;;;1;1;sr;1;low;Messer, M., Fuller‐Tyszkiewicz, M., Liu, C., Anderson, C., & Linardon, J. (2024). A randomized controlled trial of an online single session intervention for body image in individuals with recurrent binge eating. International Journal of Eating Disorders, 57(8), 1668-1679.;web;no;;yes;no;Messer_2024_msd_edeqsc_post_4_self-report_cbt_wl_NA_NA;0,65590830253466;0,178464582340072;;;;;;
219;Messer, 2024;cbt;wl;;;msd;edeq wc;self-report;weight concern;4,0;post;3,19;1,55;62,0;3,97;1,23;71,0;;;;;;;;;;;;;;;;;;;;;;;;;;;;;1;1;sr;1;low;Messer, M., Fuller‐Tyszkiewicz, M., Liu, C., Anderson, C., & Linardon, J. (2024). A randomized controlled trial of an online single session intervention for body image in individuals with recurrent binge eating. International Journal of Eating Disorders, 57(8), 1668-1679.;web;no;;yes;no;Messer_2024_msd_edeqwc_post_4_self-report_cbt_wl_NA_NA;0,558649593314919;0,177201536008422;;;;;;
220;Messer, 2024;cbt;wl;;;msd;gad2;self-report;anxiety;8,0;fu;2,67;2,11;34,0;3,22;1,98;50,0;;;;;;;;;;;;;;;;;;;;;;;;;;;;;1;1;sr;1;low;Messer, M., Fuller‐Tyszkiewicz, M., Liu, C., Anderson, C., & Linardon, J. (2024). A randomized controlled trial of an online single session intervention for body image in individuals with recurrent binge eating. International Journal of Eating Disorders, 57(8), 1668-1679.;web;no;;yes;no;Messer_2024_msd_gad2_fu_8_self-report_cbt_wl_NA_NA;0,268012418663617;0,223265050188736;;;;;;
221;Messer, 2024;cbt;wl;;;msd;bsq;self-report;body dissatisfaction;8,0;fu;23,4;7,61;35,0;30,69;8,25;51,0;;;;;;;;;;;;;;;;;;;;;;;;;;;;;1;1;sr;1;low;Messer, M., Fuller‐Tyszkiewicz, M., Liu, C., Anderson, C., & Linardon, J. (2024). A randomized controlled trial of an online single session intervention for body image in individuals with recurrent binge eating. International Journal of Eating Disorders, 57(8), 1668-1679.;web;no;;yes;no;Messer_2024_msd_bsq_fu_8_self-report_cbt_wl_NA_NA;0,903414241469715;0,230240123604019;;;;;;
222;Messer, 2024;cbt;wl;;;msd;phq4;self-report;depression;8,0;fu;1,79;1,83;34,0;2,78;1,79;50,0;;;;;;;;;;;;;;;;;;;;;;;;;;;;;1;1;sr;1;low;Messer, M., Fuller‐Tyszkiewicz, M., Liu, C., Anderson, C., & Linardon, J. (2024). A randomized controlled trial of an online single session intervention for body image in individuals with recurrent binge eating. International Journal of Eating Disorders, 57(8), 1668-1679.;web;no;;yes;no;Messer_2024_msd_phq4_fu_8_self-report_cbt_wl_NA_NA;0,54308228136483;0,226274195531993;;;;;;
223;Messer, 2024;cbt;wl;;;msd;edeq r;self-report;restraint;8,0;fu;1,95;1,5;34,0;2,58;1,25;50,0;;;;;;;;;;;;;;;;;;;;;;;;;;;;;1;1;sr;1;low;Messer, M., Fuller‐Tyszkiewicz, M., Liu, C., Anderson, C., & Linardon, J. (2024). A randomized controlled trial of an online single session intervention for body image in individuals with recurrent binge eating. International Journal of Eating Disorders, 57(8), 1668-1679.;web;no;;yes;no;Messer_2024_msd_edeqr_fu_8_self-report_cbt_wl_NA_NA;0,460284196053533;0,225158403728804;;;;;;
224;Messer, 2024;cbt;wl;;;msd;edeq ec;self-report;eating concerns;8,0;fu;2,13;1,42;34,0;2,84;1,29;50,0;;;;;;;;;;;;;;;;;;;;;;;;;;;;;1;1;sr;1;low;Messer, M., Fuller‐Tyszkiewicz, M., Liu, C., Anderson, C., & Linardon, J. (2024). A randomized controlled trial of an online single session intervention for body image in individuals with recurrent binge eating. International Journal of Eating Disorders, 57(8), 1668-1679.;web;no;;yes;no;Messer_2024_msd_edeqec_fu_8_self-report_cbt_wl_NA_NA;0,523493447605032;0,225994103772018;;;;;;
225;Messer, 2024;cbt;wl;;;msd;edeq;self-report;ed psychopathology;8,0;fu;2,59;1,45;34,0;3,36;1,15;50,0;;;;;;;;;;;;;;;;;;;;;;;;;;;;;1;1;sr;1;low;Messer, M., Fuller‐Tyszkiewicz, M., Liu, C., Anderson, C., & Linardon, J. (2024). A randomized controlled trial of an online single session intervention for body image in individuals with recurrent binge eating. International Journal of Eating Disorders, 57(8), 1668-1679.;web;no;;yes;no;Messer_2024_msd_edeq_fu_8_self-report_cbt_wl_NA_NA;0,596407263048353;0,227086825968594;;;;;;
226;Messer, 2024;cbt;wl;;;msd;phq4 pd;self-report;psychiatric distress;8,0;fu;4,47;3,59;34,0;6,0;3,4;50,0;;;;;;;;;;;;;;;;;;;;;;;;;;;;;1;1;sr;1;low;Messer, M., Fuller‐Tyszkiewicz, M., Liu, C., Anderson, C., & Linardon, J. (2024). A randomized controlled trial of an online single session intervention for body image in individuals with recurrent binge eating. International Journal of Eating Disorders, 57(8), 1668-1679.;web;no;;yes;no;Messer_2024_msd_phq4pd_fu_8_self-report_cbt_wl_NA_NA;0,435908262651785;0,22486408050609;;;;;;
227;Messer, 2024;cbt;wl;;;msd;edeq obe;self-report;obe frequency;8,0;fu;7,97;10,14;35,0;9,1;6,89;51,0;;;;;;;;;;;;;;;;;;;;;;;;;;;;;1;1;sr;1;low;Messer, M., Fuller‐Tyszkiewicz, M., Liu, C., Anderson, C., & Linardon, J. (2024). A randomized controlled trial of an online single session intervention for body image in individuals with recurrent binge eating. International Journal of Eating Disorders, 57(8), 1668-1679.;web;no;;yes;no;Messer_2024_msd_edeqobe_fu_8_self-report_cbt_wl_NA_NA;0,133971329672324;0,219739656789679;;;;;;
228;Messer, 2024;cbt;wl;;;msd;edeq sc;self-report;shape concern;8,0;fu;3,26;1,78;34,0;4,25;1,37;50,0;;;;;;;;;;;;;;;;;;;;;;;;;;;;;1;1;sr;1;low;Messer, M., Fuller‐Tyszkiewicz, M., Liu, C., Anderson, C., & Linardon, J. (2024). A randomized controlled trial of an online single session intervention for body image in individuals with recurrent binge eating. International Journal of Eating Disorders, 57(8), 1668-1679.;web;no;;yes;no;Messer_2024_msd_edeqsc_fu_8_self-report_cbt_wl_NA_NA;0,633621848840115;0,227697092683768;;;;;;
229;Messer, 2024;cbt;wl;;;msd;edeq wc;self-report;weight concern;8,0;fu;3,02;1,66;34,0;3,76;1,29;50,0;;;;;;;;;;;;;;;;;;;;;;;;;;;;;1;1;sr;1;low;Messer, M., Fuller‐Tyszkiewicz, M., Liu, C., Anderson, C., & Linardon, J. (2024). A randomized controlled trial of an online single session intervention for body image in individuals with recurrent binge eating. International Journal of Eating Disorders, 57(8), 1668-1679.;web;no;;yes;no;Messer_2024_msd_edeqwc_fu_8_self-report_cbt_wl_NA_NA;0,505559115500762;0,22574640153072;;;;;;
230;Messer, 2025;cbt;wl;;;msd;ed15 comp;self-report;compensatory behavior;2,0;post;1,29;3,47;55,0;3,04;8,64;74,0;;;;;;;;;;;;;;;;;;;;;;;;;;;;;1;1;sr;1;low;Messer, M., Liu, C., Fuller‐Tyszkiewicz, M., Anderson, C., Tylka, T. L., & Linardon, J. (2025). Acceptability and Efficacy of a Web‐Based, Intuitive Eating‐Focused Single Session Intervention for Recurrent Binge Eating: A Randomized Controlled Trial. International Journal of Eating Disorders, 58(8), 1547-1557.;web;no;;yes;no;Messer_2025_msd_ed15comp_post_2_self-report_cbt_wl_NA_NA;0,251021408297948;0,178724591051773;;;;;;
231;Messer, 2025;cbt;wl;;;msd;ed15 r;self-report;restraint;2,0;post;3,02;5,79;55,0;5,05;6,61;74,0;;;;;;;;;;;;;;;;;;;;;;;;;;;;;1;1;sr;1;low;Messer, M., Liu, C., Fuller‐Tyszkiewicz, M., Anderson, C., Tylka, T. L., & Linardon, J. (2025). Acceptability and Efficacy of a Web‐Based, Intuitive Eating‐Focused Single Session Intervention for Recurrent Binge Eating: A Randomized Controlled Trial. International Journal of Eating Disorders, 58(8), 1547-1557.;web;no;;yes;no;Messer_2025_msd_ed15r_post_2_self-report_cbt_wl_NA_NA;0,321620028919629;0,179167650337497;;;;;;
232;Messer, 2025;cbt;wl;;;msd;ed15;self-report;ed psychopathology;2,0;post;3,0;1,19;55,0;3,89;1,16;74,0;;;;;;;;;;;;;;;;;;;;;;;;;;;;;1;1;sr;1;low;Messer, M., Liu, C., Fuller‐Tyszkiewicz, M., Anderson, C., Tylka, T. L., & Linardon, J. (2025). Acceptability and Efficacy of a Web‐Based, Intuitive Eating‐Focused Single Session Intervention for Recurrent Binge Eating: A Randomized Controlled Trial. International Journal of Eating Disorders, 58(8), 1547-1557.;web;no;;yes;no;Messer_2025_msd_ed15_post_2_self-report_cbt_wl_NA_NA;0,754345370036236;0,184193474762171;;;;;;
233;Messer, 2025;cbt;wl;;;msd;ed15 pbe;self-report;obe frequency;2,0;post;3,91;5,25;55,0;5,49;5,4;74,0;;;;;;;;;;;;;;;;;;;;;;;;;;;;;1;1;sr;1;low;Messer, M., Liu, C., Fuller‐Tyszkiewicz, M., Anderson, C., Tylka, T. L., & Linardon, J. (2025). Acceptability and Efficacy of a Web‐Based, Intuitive Eating‐Focused Single Session Intervention for Recurrent Binge Eating: A Randomized Controlled Trial. International Journal of Eating Disorders, 58(8), 1547-1557.;web;no;;yes;no;Messer_2025_msd_ed15pbe_post_2_self-report_cbt_wl_NA_NA;0,294309288132995;0,178983431843116;;;;;;
234;O'Brien, 2024;cbt;wl;;;msd;edeq;self-report;ed psychopathology;4,0;post;58,29;9,48;7,0;67,0;12,27;14,0;;;;;;;;;;;;;;;;;;;;;;;;;;;;;?;?;sr;0;high;O’Brien, A., Anderson, R., Mazzucchelli, T. G., Ure, S., & Egan, S. J. (2024). A pilot feasibility and acceptability trial of an internet indicated prevention program for perfectionism to reduce eating disorder symptoms in adolescents. Eating and Weight Disorders-Studies on Anorexia, Bulimia and Obesity, 29(1), 27.;web;no;;yes;no;O'Brien_2024_msd_edeq_post_4_self-report_cbt_wl_NA_NA;0,729471322100663;0,477528265878908;;;;;;
235;O'Brien, 2024;cbt;wl;;;msd;rcads-a;self-report;anxiety;4,0;post;59,14;8,57;7,0;65,36;15,1;14,0;;;;;;;;;;;;;;;;;;;;;;;;;;;;;?;?;sr;0;high;O’Brien, A., Anderson, R., Mazzucchelli, T. G., Ure, S., & Egan, S. J. (2024). A pilot feasibility and acceptability trial of an internet indicated prevention program for perfectionism to reduce eating disorder symptoms in adolescents. Eating and Weight Disorders-Studies on Anorexia, Bulimia and Obesity, 29(1), 27.;web;no;;yes;no;O'Brien_2024_msd_rcads-a_post_4_self-report_cbt_wl_NA_NA;0,44605935630629;0,468429369766954;;;;;;
236;O'Brien, 2024;cbt;wl;;;msd;rcads-d;self-report;depression;4,0;post;1,84;0,57;7,0;3,1;1,3;14,0;;;;;;;;;;;;;;;;;;;;;;;;;;;;;?;?;sr;0;high;O’Brien, A., Anderson, R., Mazzucchelli, T. G., Ure, S., & Egan, S. J. (2024). A pilot feasibility and acceptability trial of an internet indicated prevention program for perfectionism to reduce eating disorder symptoms in adolescents. Eating and Weight Disorders-Studies on Anorexia, Bulimia and Obesity, 29(1), 27.;web;no;;yes;no;O'Brien_2024_msd_rcads-d_post_4_self-report_cbt_wl_NA_NA;1,07806125473692;0,494278819143806;;;;;;
237;Pruessner, 2024;cbt;wl;;;msd;gad7;self-report;anxiety;12,0;post;7,42;4,48;60,0;8,79;4,73;67,0;;;;;;;;;;;;;;;;;;;;;;;;;;;;;1;1;sr;1;low;Pruessner, L., Timm, C., Barnow, S., Rubel, J. A., Lalk, C., & Hartmann, S. (2024). Effectiveness of a web-based cognitive behavioral self-help intervention for binge eating disorder: a randomized clinical trial. JAMA Network Open, 7(5), e2411127.;web;yes;bed;yes;yes;Pruessner_2024_msd_gad7_post_12_self-report_cbt_wl_NA_NA;0,295157242938022;0,178715373705535;;;;;;
238;Pruessner, 2024;cbt;wl;;;msd;phq9;self-report;depression;12,0;post;9,92;4,73;60,0;11,48;4,61;67,0;;;;;;;;;;;;;;;;;;;;;;;;;;;;;1;1;sr;1;low;Pruessner, L., Timm, C., Barnow, S., Rubel, J. A., Lalk, C., & Hartmann, S. (2024). Effectiveness of a web-based cognitive behavioral self-help intervention for binge eating disorder: a randomized clinical trial. JAMA Network Open, 7(5), e2411127.;web;yes;bed;yes;yes;Pruessner_2024_msd_phq9_post_12_self-report_cbt_wl_NA_NA;0,332250504676109;0,17897463764188;;;;;;
239;Pruessner, 2024;cbt;wl;;;msd;edeq;self-report;ed psychopathology;12,0;post;2,54;1,3;60,0;3,23;1,12;67,0;;;;;;;;;;;;;;;;;;;;;;;;;;;;;1;1;sr;1;low;Pruessner, L., Timm, C., Barnow, S., Rubel, J. A., Lalk, C., & Hartmann, S. (2024). Effectiveness of a web-based cognitive behavioral self-help intervention for binge eating disorder: a randomized clinical trial. JAMA Network Open, 7(5), e2411127.;web;yes;bed;yes;yes;Pruessner_2024_msd_edeq_post_12_self-report_cbt_wl_NA_NA;0,567614286404731;0,181317067799291;;;;;;
240;Pruessner, 2024;cbt;wl;;;msd;cia;self-report;impairment;12,0;post;20,78;12,06;60,0;25,1;11,43;67,0;;;;;;;;;;;;;;;;;;;;;;;;;;;;;1;1;sr;1;low;Pruessner, L., Timm, C., Barnow, S., Rubel, J. A., Lalk, C., & Hartmann, S. (2024). Effectiveness of a web-based cognitive behavioral self-help intervention for binge eating disorder: a randomized clinical trial. JAMA Network Open, 7(5), e2411127.;web;yes;bed;yes;yes;Pruessner_2024_msd_cia_post_12_self-report_cbt_wl_NA_NA;0,366023105948945;0,179236971596949;;;;;;
241;Pruessner, 2024;cbt;wl;;;msd;edeq obe;self-report;obe frequency;12,0;post;6,07;6,71;60,0;14,33;17,58;67,0;;;;;;;;;;;;;;;;;;;;;;;;;;;;;1;1;sr;1;low;Pruessner, L., Timm, C., Barnow, S., Rubel, J. A., Lalk, C., & Hartmann, S. (2024). Effectiveness of a web-based cognitive behavioral self-help intervention for binge eating disorder: a randomized clinical trial. JAMA Network Open, 7(5), e2411127.;web;yes;bed;yes;yes;Pruessner_2024_msd_edeqobe_post_12_self-report_cbt_wl_NA_NA;0,604563162611375;0,181792360442215;;;;;;
242;Pruessner, 2024;cbt;wl;;;msd;rse;self-report;self-esteem;12,0;post;19,13;7,31;60,0;16,9;6,69;67,0;;;;;;;;;;;;;;;;;;;;;;;;;;;;;1;1;sr;1;low;Pruessner, L., Timm, C., Barnow, S., Rubel, J. A., Lalk, C., & Hartmann, S. (2024). Effectiveness of a web-based cognitive behavioral self-help intervention for binge eating disorder: a randomized clinical trial. JAMA Network Open, 7(5), e2411127.;web;yes;bed;yes;yes;Pruessner_2024_msd_rse_post_12_self-report_cbt_wl_NA_NA;0,317132030382787;0,178865311563928;;;;;;
243;Pruessner, 2024;cbt;wl;;;msd;who wbi;self-report;wellbeing;12,0;post;44,2;23,26;60,0;36,9;19,53;67,0;;;;;;;;;;;;;;;;;;;;;;;;;;;;;1;1;sr;1;low;Pruessner, L., Timm, C., Barnow, S., Rubel, J. A., Lalk, C., & Hartmann, S. (2024). Effectiveness of a web-based cognitive behavioral self-help intervention for binge eating disorder: a randomized clinical trial. JAMA Network Open, 7(5), e2411127.;web;yes;bed;yes;yes;Pruessner_2024_msd_whowbi_post_12_self-report_cbt_wl_NA_NA;0,339517536583482;0,179028974311864;;;;;;
244;Rohrbach, 2022;psychoed + symp mon;wl;self-guided;wl;msd;gad2;self-report;anxiety;8,0;post;3,5;1,67;79,0;3,98;1,84;38,0;;;;;;;;;;;;;;;;;;;;;;;;;;;;;1;1;sr;1;low;Rohrbach, P. J., Dingemans, A. E., Spinhoven, P., Van Ginkel, J. R., Fokkema, M., Wilderjans, T. F., ... & Van Furth, E. F. (2022). Effectiveness of an online self‐help program, expert‐patient support, and their combination for eating disorders: Results from a randomized controlled trial. International Journal of Eating Disorders, 55(10), 1361-1373.;web;no;;no;no;Rohrbach_2022_msd_gad2_post_8_self-report_psychoed+sympmon_wl_self-guided_wl;0,276198312753922;0,19825319022644;;;;;;
245;Rohrbach, 2022;psychoed + symp mon;wl;self-guided;wl;msd;phq2;self-report;depression;8,0;post;3,08;1,84;79,0;3,69;1,79;38,0;;;;;;;;;;;;;;;;;;;;;;;;;;;;;1;1;sr;1;low;Rohrbach, P. J., Dingemans, A. E., Spinhoven, P., Van Ginkel, J. R., Fokkema, M., Wilderjans, T. F., ... & Van Furth, E. F. (2022). Effectiveness of an online self‐help program, expert‐patient support, and their combination for eating disorders: Results from a randomized controlled trial. International Journal of Eating Disorders, 55(10), 1361-1373.;web;no;;no;no;Rohrbach_2022_msd_phq2_post_8_self-report_psychoed+sympmon_wl_self-guided_wl;0,33223260747636;0,198625142848889;;;;;;
246;Rohrbach, 2022;psychoed + symp mon;wl;self-guided;wl;msd;edeq;self-report;ed psychopathology;8,0;post;4,55;1,37;76,0;5,36;1,02;35,0;;;;;;;;;;;;;;;;;;;;;;;;;;;;;1;1;sr;1;low;Rohrbach, P. J., Dingemans, A. E., Spinhoven, P., Van Ginkel, J. R., Fokkema, M., Wilderjans, T. F., ... & Van Furth, E. F. (2022). Effectiveness of an online self‐help program, expert‐patient support, and their combination for eating disorders: Results from a randomized controlled trial. International Journal of Eating Disorders, 55(10), 1361-1373.;web;no;;no;no;Rohrbach_2022_msd_edeq_post_8_self-report_psychoed+sympmon_wl_self-guided_wl;0,632794077201934;0,208705997510898;;;;;;
247;Rohrbach, 2022;psychoed + symp mon;wl;self-guided;wl;msd;phq4;self-report;psychiatric distress;8,0;post;6,59;3,19;79,0;7,68;3,32;38,0;;;;;;;;;;;;;;;;;;;;;;;;;;;;;1;1;sr;1;low;Rohrbach, P. J., Dingemans, A. E., Spinhoven, P., Van Ginkel, J. R., Fokkema, M., Wilderjans, T. F., ... & Van Furth, E. F. (2022). Effectiveness of an online self‐help program, expert‐patient support, and their combination for eating disorders: Results from a randomized controlled trial. International Journal of Eating Disorders, 55(10), 1361-1373.;web;no;;no;no;Rohrbach_2022_msd_phq4_post_8_self-report_psychoed+sympmon_wl_self-guided_wl;0,33500710110549;0,198645319968473;;;;;;
248;Rohrbach, 2022;psychoed + symp mon;wl;guided;wl;msd;gad2;self-report;anxiety;8,0;post;3,26;1,73;68,0;3,98;1,84;38,0;;;;;;;;;;;;;;;;;;;;;;;;;;;;;1;1;sr;1;low;Rohrbach, P. J., Dingemans, A. E., Spinhoven, P., Van Ginkel, J. R., Fokkema, M., Wilderjans, T. F., ... & Van Furth, E. F. (2022). Effectiveness of an online self‐help program, expert‐patient support, and their combination for eating disorders: Results from a randomized controlled trial. International Journal of Eating Disorders, 55(10), 1361-1373.;web;no;;no;yes;Rohrbach_2022_msd_gad2_post_8_self-report_psychoed+sympmon_wl_guided_wl;0,403857740146268;0,20445601325696;;;;;;
249;Rohrbach, 2022;psychoed + symp mon;wl;guided;wl;msd;phq2;self-report;depression;8,0;post;2,97;1,89;68,0;3,69;1,79;38,0;;;;;;;;;;;;;;;;;;;;;;;;;;;;;1;1;sr;1;low;Rohrbach, P. J., Dingemans, A. E., Spinhoven, P., Van Ginkel, J. R., Fokkema, M., Wilderjans, T. F., ... & Van Furth, E. F. (2022). Effectiveness of an online self‐help program, expert‐patient support, and their combination for eating disorders: Results from a randomized controlled trial. International Journal of Eating Disorders, 55(10), 1361-1373.;web;no;;no;yes;Rohrbach_2022_msd_phq2_post_8_self-report_psychoed+sympmon_wl_guided_wl;0,38532582315493;0,204284768885249;;;;;;
250;Rohrbach, 2022;psychoed + symp mon;wl;guided;wl;msd;edeq;self-report;ed psychopathology;8,0;post;4,49;1,27;68,0;5,36;1,02;34,0;;;;;;;;;;;;;;;;;;;;;;;;;;;;;1;1;sr;1;low;Rohrbach, P. J., Dingemans, A. E., Spinhoven, P., Van Ginkel, J. R., Fokkema, M., Wilderjans, T. F., ... & Van Furth, E. F. (2022). Effectiveness of an online self‐help program, expert‐patient support, and their combination for eating disorders: Results from a randomized controlled trial. International Journal of Eating Disorders, 55(10), 1361-1373.;web;no;;no;yes;Rohrbach_2022_msd_edeq_post_8_self-report_psychoed+sympmon_wl_guided_wl;0,723586341574092;0,216155583839423;;;;;;
251;Rohrbach, 2022;psychoed + symp mon;wl;guided;wl;msd;phq4;self-report;psychiatric distress;8,0;post;6,23;3,34;68,0;7,68;3,32;38,0;;;;;;;;;;;;;;;;;;;;;;;;;;;;;1;1;sr;1;low;Rohrbach, P. J., Dingemans, A. E., Spinhoven, P., Van Ginkel, J. R., Fokkema, M., Wilderjans, T. F., ... & Van Furth, E. F. (2022). Effectiveness of an online self‐help program, expert‐patient support, and their combination for eating disorders: Results from a randomized controlled trial. International Journal of Eating Disorders, 55(10), 1361-1373.;web;no;;no;yes;Rohrbach_2022_msd_phq4_post_8_self-report_psychoed+sympmon_wl_guided_wl;0,431911781545421;0,204730250741752;;;;;;
252;Ruwaard, 2013;cbt;other ctrl;cbt;other ctrl;abstinence;zero OBEs;self-report;binge abstinence;20,0;post;;;;;;;;;;;;;;13,0;5,0;35,0;35,0;;;;;;;;;;;;;;;;;;1;?;sr;1;high;Ruwaard, J., Lange, A., Broeksteeg, J., Renteria‐Agirre, A., Schrieken, B., Dolan, C. V., & Emmelkamp, P. (2013). Online cognitive–behavioural treatment of bulimic symptoms: A randomized controlled trial. Clinical Psychology & Psychotherapy, 20(4), 308-318.;web;no;;yes;yes;Ruwaard_2013_abstinence_zeroOBEs_post_20_self-report_cbt_otherctrl_cbt_otherctrl;0,690073737563733;0,328820870994442;0,955511445027436;0,468807230938495;13,0;5,0;35,0;35,0
253;Ruwaard, 2013;cbt;other ctrl;cbt;other ctrl;msd;bat;self-report;body dissatisfaction;20,0;post;49,3;19,6;35,0;48,8;18,8;35,0;;;;;;;;;;;;;;;;;;;;;;;;;;;;;1;?;sr;1;high;Ruwaard, J., Lange, A., Broeksteeg, J., Renteria‐Agirre, A., Schrieken, B., Dolan, C. V., & Emmelkamp, P. (2013). Online cognitive–behavioural treatment of bulimic symptoms: A randomized controlled trial. Clinical Psychology & Psychotherapy, 20(4), 308-318.;web;no;;yes;yes;Ruwaard_2013_msd_bat_post_20_self-report_cbt_otherctrl_cbt_otherctrl;-0,0257477955107563;0,239055849335114;;;;;;
254;Ruwaard, 2013;cbt;other ctrl;cbt;other ctrl;msd;edeq;self-report;ed psychopathology;20,0;post;2,7;1,5;35,0;3,2;1,2;35,0;;;;;;;;;;;;;;;;;;;;;;;;;;;;;1;?;sr;1;high;Ruwaard, J., Lange, A., Broeksteeg, J., Renteria‐Agirre, A., Schrieken, B., Dolan, C. V., & Emmelkamp, P. (2013). Online cognitive–behavioural treatment of bulimic symptoms: A randomized controlled trial. Clinical Psychology & Psychotherapy, 20(4), 308-318.;web;no;;yes;yes;Ruwaard_2013_msd_edeq_post_20_self-report_cbt_otherctrl_cbt_otherctrl;0,364030122854353;0,241061660088;;;;;;
255;Ruwaard, 2013;cbt;wl;cbt;wl;abstinence;zero OBEs;self-report;binge abstinence;20,0;post;;;;;;;;;;;;;;13,0;5,0;35,0;35,0;;;;;;;;;;;;;;;;;;1;?;sr;1;high;Ruwaard, J., Lange, A., Broeksteeg, J., Renteria‐Agirre, A., Schrieken, B., Dolan, C. V., & Emmelkamp, P. (2013). Online cognitive–behavioural treatment of bulimic symptoms: A randomized controlled trial. Clinical Psychology & Psychotherapy, 20(4), 308-318.;web;no;;yes;yes;Ruwaard_2013_abstinence_zeroOBEs_post_20_self-report_cbt_wl_cbt_wl;0,690073737563733;0,328820870994442;0,955511445027436;0,468807230938495;13,0;5,0;35,0;35,0
256;Ruwaard, 2013;cbt;wl;cbt;wl;msd;bat;self-report;body dissatisfaction;20,0;post;49,3;19,6;35,0;56,3;18,7;35,0;;;;;;;;;;;;;;;;;;;;;;;;;;;;;1;?;sr;1;high;Ruwaard, J., Lange, A., Broeksteeg, J., Renteria‐Agirre, A., Schrieken, B., Dolan, C. V., & Emmelkamp, P. (2013). Online cognitive–behavioural treatment of bulimic symptoms: A randomized controlled trial. Clinical Psychology & Psychotherapy, 20(4), 308-318.;web;no;;yes;yes;Ruwaard_2013_msd_bat_post_20_self-report_cbt_wl_cbt_wl;0,361388968708693;0,241032633786857;;;;;;
257;Ruwaard, 2013;cbt;wl;cbt;wl;msd;edeq;self-report;ed psychopathology;20,0;post;2,7;1,5;35,0;3,4;1,3;35,0;;;;;;;;;;;;;;;;;;;;;;;;;;;;;1;?;sr;1;high;Ruwaard, J., Lange, A., Broeksteeg, J., Renteria‐Agirre, A., Schrieken, B., Dolan, C. V., & Emmelkamp, P. (2013). Online cognitive–behavioural treatment of bulimic symptoms: A randomized controlled trial. Clinical Psychology & Psychotherapy, 20(4), 308-318.;web;no;;yes;yes;Ruwaard_2013_msd_edeq_post_20_self-report_cbt_wl_cbt_wl;0,493208360801913;0,242733407031356;;;;;;
258;Ruwaard, 2013;cbt;other ctrl;cbt;other ctrl;abstinence;zero OBEs;self-report;binge abstinence;52,0;fu;;;;;;;;;;;;;;14,0;12,0;35,0;35,0;;;;;;;;;;;;;;;;;;1;?;sr;1;high;Ruwaard, J., Lange, A., Broeksteeg, J., Renteria‐Agirre, A., Schrieken, B., Dolan, C. V., & Emmelkamp, P. (2013). Online cognitive–behavioural treatment of bulimic symptoms: A randomized controlled trial. Clinical Psychology & Psychotherapy, 20(4), 308-318.;web;no;;yes;yes;Ruwaard_2013_abstinence_zeroOBEs_fu_52_self-report_cbt_otherctrl_cbt_otherctrl;0,133647045018994;0,273371980070652;0,154150679827258;0,312440470520462;14,0;12,0;35,0;35,0
259;Ruwaard, 2013;cbt;other ctrl;cbt;other ctrl;msd;bat;self-report;body dissatisfaction;52,0;fu;49,6;22,4;35,0;43,0;18,5;35,0;;;;;;;;;;;;;;;;;;;;;;;;;;;;;1;?;sr;1;high;Ruwaard, J., Lange, A., Broeksteeg, J., Renteria‐Agirre, A., Schrieken, B., Dolan, C. V., & Emmelkamp, P. (2013). Online cognitive–behavioural treatment of bulimic symptoms: A randomized controlled trial. Clinical Psychology & Psychotherapy, 20(4), 308-318.;web;no;;yes;yes;Ruwaard_2013_msd_bat_fu_52_self-report_cbt_otherctrl_cbt_otherctrl;-0,317724452790333;0,24058294568775;;;;;;
260;Ruwaard, 2013;cbt;other ctrl;cbt;other ctrl;msd;edeq;self-report;ed psychopathology;52,0;fu;2,8;1,5;35,0;2,6;1,3;35,0;;;;;;;;;;;;;;;;;;;;;;;;;;;;;1;?;sr;1;high;Ruwaard, J., Lange, A., Broeksteeg, J., Renteria‐Agirre, A., Schrieken, B., Dolan, C. V., & Emmelkamp, P. (2013). Online cognitive–behavioural treatment of bulimic symptoms: A randomized controlled trial. Clinical Psychology & Psychotherapy, 20(4), 308-318.;web;no;;yes;yes;Ruwaard_2013_msd_edeq_fu_52_self-report_cbt_otherctrl_cbt_otherctrl;-0,140916674514832;0,23934888714009;;;;;;
261;Saekow, 2015;cbt;wl;;;msd;cesd;self-report;depression;10,0;post;16,4;3,6;31,0;16,2;4,7;34,0;;;;;;;;;;;;;;;;;;;;;;;;;;;;;1;?;sr;1;low;Saekow, J., Jones, M., Gibbs, E., Jacobi, C., Fitzsimmons-Craft, E. E., Wilfley, D., & Taylor, C. B. (2015). StudentBodies-eating disorders: A randomized controlled trial of a coached online intervention for subclinical eating disorders. Internet Interventions, 2(4), 419-428.;web;no;;yes;yes;Saekow_2015_msd_cesd_post_10_self-report_cbt_wl_NA_NA;-0,0469139504769117;0,248369022714029;;;;;;
262;Saekow, 2015;cbt;wl;;;msd;edeq r;self-report;restraint;10,0;post;1,8;0,9;31,0;2,7;1,0;34,0;;;;;;;;;;;;;;;;;;;;;;;;;;;;;1;?;sr;1;low;Saekow, J., Jones, M., Gibbs, E., Jacobi, C., Fitzsimmons-Craft, E. E., Wilfley, D., & Taylor, C. B. (2015). StudentBodies-eating disorders: A randomized controlled trial of a coached online intervention for subclinical eating disorders. Internet Interventions, 2(4), 419-428.;web;no;;yes;yes;Saekow_2015_msd_edeqr_post_10_self-report_cbt_wl_NA_NA;0,93242397653728;0,26176404106182;;;;;;
263;Saekow, 2015;cbt;wl;;;msd;edeq ec;self-report;eating concerns;10,0;post;1,2;0,7;31,0;1,4;1,0;34,0;;;;;;;;;;;;;;;;;;;;;;;;;;;;;1;?;sr;1;low;Saekow, J., Jones, M., Gibbs, E., Jacobi, C., Fitzsimmons-Craft, E. E., Wilfley, D., & Taylor, C. B. (2015). StudentBodies-eating disorders: A randomized controlled trial of a coached online intervention for subclinical eating disorders. Internet Interventions, 2(4), 419-428.;web;no;;yes;yes;Saekow_2015_msd_edeqec_post_10_self-report_cbt_wl_NA_NA;0,227100996680122;0,249150988937983;;;;;;
264;Saekow, 2015;cbt;wl;;;msd;edeq;self-report;ed psychopathology;10,0;post;1,9;0,7;31,0;2,6;0,9;34,0;;;;;;;;;;;;;;;;;;;;;;;;;;;;;1;?;sr;1;low;Saekow, J., Jones, M., Gibbs, E., Jacobi, C., Fitzsimmons-Craft, E. E., Wilfley, D., & Taylor, C. B. (2015). StudentBodies-eating disorders: A randomized controlled trial of a coached online intervention for subclinical eating disorders. Internet Interventions, 2(4), 419-428.;web;no;;yes;yes;Saekow_2015_msd_edeq_post_10_self-report_cbt_wl_NA_NA;0,852881722465816;0,259617915056405;;;;;;
265;Saekow, 2015;cbt;wl;;;msd;cia;self-report;impairment;10,0;post;10,7;4,9;31,0;12,7;7,0;34,0;;;;;;;;;;;;;;;;;;;;;;;;;;;;;1;?;sr;1;low;Saekow, J., Jones, M., Gibbs, E., Jacobi, C., Fitzsimmons-Craft, E. E., Wilfley, D., & Taylor, C. B. (2015). StudentBodies-eating disorders: A randomized controlled trial of a coached online intervention for subclinical eating disorders. Internet Interventions, 2(4), 419-428.;web;no;;yes;yes;Saekow_2015_msd_cia_post_10_self-report_cbt_wl_NA_NA;0,324429995257318;0,249998377078606;;;;;;
266;Saekow, 2015;cbt;wl;;;msd;edeq obe;self-report;obe frequency;10,0;post;1,9;2,1;31,0;2,4;5,2;34,0;;;;;;;;;;;;;;;;;;;;;;;;;;;;;1;?;sr;1;low;Saekow, J., Jones, M., Gibbs, E., Jacobi, C., Fitzsimmons-Craft, E. E., Wilfley, D., & Taylor, C. B. (2015). StudentBodies-eating disorders: A randomized controlled trial of a coached online intervention for subclinical eating disorders. Internet Interventions, 2(4), 419-428.;web;no;;yes;yes;Saekow_2015_msd_edeqobe_post_10_self-report_cbt_wl_NA_NA;0,122500207405265;0,24857206587352;;;;;;
267;Saekow, 2015;cbt;wl;;;msd;edeq sc;self-report;shape concern;10,0;post;2,2;0,9;31,0;2,9;1,1;34,0;;;;;;;;;;;;;;;;;;;;;;;;;;;;;1;?;sr;1;low;Saekow, J., Jones, M., Gibbs, E., Jacobi, C., Fitzsimmons-Craft, E. E., Wilfley, D., & Taylor, C. B. (2015). StudentBodies-eating disorders: A randomized controlled trial of a coached online intervention for subclinical eating disorders. Internet Interventions, 2(4), 419-428.;web;no;;yes;yes;Saekow_2015_msd_edeqsc_post_10_self-report_cbt_wl_NA_NA;0,684979088211281;0,255669473121228;;;;;;
268;Saekow, 2015;cbt;wl;;;msd;edeq wc;self-report;weight concern;10,0;post;2,4;0,8;31,0;3,3;1,2;34,0;;;;;;;;;;;;;;;;;;;;;;;;;;;;;1;?;sr;1;low;Saekow, J., Jones, M., Gibbs, E., Jacobi, C., Fitzsimmons-Craft, E. E., Wilfley, D., & Taylor, C. B. (2015). StudentBodies-eating disorders: A randomized controlled trial of a coached online intervention for subclinical eating disorders. Internet Interventions, 2(4), 419-428.;web;no;;yes;yes;Saekow_2015_msd_edeqwc_post_10_self-report_cbt_wl_NA_NA;0,864097452361028;0,259909983357521;;;;;;
269;Sanchez-Ortiz, 2011;cbt;wl;;;abstinence;zero ED behav;interview;zero eating disorder behaviours;12,0;post;;;;;;;;;;;;;;8,0;5,0;38,0;38,0;;;;;;;;;;;;;;;;;;1;1;1;1;low;Sánchez-Ortiz, V. C., Munro, C., Stahl, D., House, J., Startup, H., Treasure, J., ... & Schmidt, U. (2011). A randomized controlled trial of internet-based cognitive-behavioural therapy for bulimia nervosa or related disorders in a student population. Psychological medicine, 41(2), 407-417.;web;yes;bn;yes;yes;Sanchez-Ortiz_2011_abstinence_zeroEDbehav_post_12_interview_cbt_wl_NA_NA;0,308504273456931;0,343702326309077;0,470003629245736;0,521889280453845;8,0;5,0;38,0;38,0
270;Sanchez-Ortiz, 2011;cbt;wl;;;msd;hads-a;self-report;anxiety;12,0;post;7,8;2,5;36,0;11,0;4,3;31,0;;;;;;;;;;;;;;;;;;;;;;;;;;;;;1;1;1;1;low;Sánchez-Ortiz, V. C., Munro, C., Stahl, D., House, J., Startup, H., Treasure, J., ... & Schmidt, U. (2011). A randomized controlled trial of internet-based cognitive-behavioural therapy for bulimia nervosa or related disorders in a student population. Psychological medicine, 41(2), 407-417.;web;yes;bn;yes;yes;Sanchez-Ortiz_2011_msd_hads-a_post_12_self-report_cbt_wl_NA_NA;0,916918501503487;0,257794357138659;;;;;;
271;Sanchez-Ortiz, 2011;cbt;wl;;;msd;hads-d;self-report;depression;12,0;post;4,3;3,0;36,0;8,2;4,1;31,0;;;;;;;;;;;;;;;;;;;;;;;;;;;;;1;1;1;1;low;Sánchez-Ortiz, V. C., Munro, C., Stahl, D., House, J., Startup, H., Treasure, J., ... & Schmidt, U. (2011). A randomized controlled trial of internet-based cognitive-behavioural therapy for bulimia nervosa or related disorders in a student population. Psychological medicine, 41(2), 407-417.;web;yes;bn;yes;yes;Sanchez-Ortiz_2011_msd_hads-d_post_12_self-report_cbt_wl_NA_NA;1,08577542840725;0,262756679190933;;;;;;
272;Sanchez-Ortiz, 2011;cbt;wl;;;msd;ede r;interview;restraint;12,0;post;2,0;1,3;36,0;3,2;1,4;31,0;;;;;;;;;;;;;;;;;;;;;;;;;;;;;1;1;1;1;low;Sánchez-Ortiz, V. C., Munro, C., Stahl, D., House, J., Startup, H., Treasure, J., ... & Schmidt, U. (2011). A randomized controlled trial of internet-based cognitive-behavioural therapy for bulimia nervosa or related disorders in a student population. Psychological medicine, 41(2), 407-417.;web;yes;bn;yes;yes;Sanchez-Ortiz_2011_msd_eder_post_12_interview_cbt_wl_NA_NA;0,880499579685353;0,256822713971408;;;;;;
273;Sanchez-Ortiz, 2011;cbt;wl;;;msd;ede ec;interview;eating concerns;12,0;post;1,2;1,2;36,0;2,3;1,1;31,0;;;;;;;;;;;;;;;;;;;;;;;;;;;;;1;1;1;1;low;Sánchez-Ortiz, V. C., Munro, C., Stahl, D., House, J., Startup, H., Treasure, J., ... & Schmidt, U. (2011). A randomized controlled trial of internet-based cognitive-behavioural therapy for bulimia nervosa or related disorders in a student population. Psychological medicine, 41(2), 407-417.;web;yes;bn;yes;yes;Sanchez-Ortiz_2011_msd_edeec_post_12_interview_cbt_wl_NA_NA;0,94141262016728;0,258467844403162;;;;;;
274;Sanchez-Ortiz, 2011;cbt;wl;;;msd;ede;interview;ed psychopathology;12,0;post;2,0;1,1;36,0;3,3;1,0;31,0;;;;;;;;;;;;;;;;;;;;;;;;;;;;;1;1;1;1;low;Sánchez-Ortiz, V. C., Munro, C., Stahl, D., House, J., Startup, H., Treasure, J., ... & Schmidt, U. (2011). A randomized controlled trial of internet-based cognitive-behavioural therapy for bulimia nervosa or related disorders in a student population. Psychological medicine, 41(2), 407-417.;web;yes;bn;yes;yes;Sanchez-Ortiz_2011_msd_ede_post_12_interview_cbt_wl_NA_NA;1,21792617483473;0,267145170160556;;;;;;
275;Sanchez-Ortiz, 2011;cbt;wl;;;msd;ede obe;interview;obe frequency;12,0;post;7,7;12,9;36,0;12,7;12,3;31,0;;;;;;;;;;;;;;;;;;;;;;;;;;;;;1;1;1;1;low;Sánchez-Ortiz, V. C., Munro, C., Stahl, D., House, J., Startup, H., Treasure, J., ... & Schmidt, U. (2011). A randomized controlled trial of internet-based cognitive-behavioural therapy for bulimia nervosa or related disorders in a student population. Psychological medicine, 41(2), 407-417.;web;yes;bn;yes;yes;Sanchez-Ortiz_2011_msd_edeobe_post_12_interview_cbt_wl_NA_NA;0,391402042004484;0,247398554288468;;;;;;
276;Sanchez-Ortiz, 2011;cbt;wl;;;msd;ede purge;interview;purge;12,0;post;10,4;21,5;36,0;16,97;21,8;31,0;;;;;;;;;;;;;;;;;;;;;;;;;;;;;1;1;1;1;low;Sánchez-Ortiz, V. C., Munro, C., Stahl, D., House, J., Startup, H., Treasure, J., ... & Schmidt, U. (2011). A randomized controlled trial of internet-based cognitive-behavioural therapy for bulimia nervosa or related disorders in a student population. Psychological medicine, 41(2), 407-417.;web;yes;bn;yes;yes;Sanchez-Ortiz_2011_msd_edepurge_post_12_interview_cbt_wl_NA_NA;0,300101950508798;0,246421965866257;;;;;;
277;Sanchez-Ortiz, 2011;cbt;wl;;;msd;who;interview;quality of life;12,0;post;12,8;2,4;36,0;10,3;3,1;31,0;;;;;;;;;;;;;;;;;;;;;;;;;;;;;1;1;1;1;low;Sánchez-Ortiz, V. C., Munro, C., Stahl, D., House, J., Startup, H., Treasure, J., ... & Schmidt, U. (2011). A randomized controlled trial of internet-based cognitive-behavioural therapy for bulimia nervosa or related disorders in a student population. Psychological medicine, 41(2), 407-417.;web;yes;bn;yes;yes;Sanchez-Ortiz_2011_msd_who_post_12_interview_cbt_wl_NA_NA;0,900084262788123;0,257340788845817;;;;;;
278;Sanchez-Ortiz, 2011;cbt;wl;;;msd;ede sc;interview;shape concern;12,0;post;2,5;1,3;36,0;4,0;1,2;31,0;;;;;;;;;;;;;;;;;;;;;;;;;;;;;1;1;1;1;low;Sánchez-Ortiz, V. C., Munro, C., Stahl, D., House, J., Startup, H., Treasure, J., ... & Schmidt, U. (2011). A randomized controlled trial of internet-based cognitive-behavioural therapy for bulimia nervosa or related disorders in a student population. Psychological medicine, 41(2), 407-417.;web;yes;bn;yes;yes;Sanchez-Ortiz_2011_msd_edesc_post_12_interview_cbt_wl_NA_NA;1,1815285360951;0,265893638799743;;;;;;
279;Sanchez-Ortiz, 2011;cbt;wl;;;msd;ede vom;interview;vomit frequency;12,0;post;8,4;17,4;36,0;14,7;20,7;31,0;;;;;;;;;;;;;;;;;;;;;;;;;;;;;1;1;1;1;low;Sánchez-Ortiz, V. C., Munro, C., Stahl, D., House, J., Startup, H., Treasure, J., ... & Schmidt, U. (2011). A randomized controlled trial of internet-based cognitive-behavioural therapy for bulimia nervosa or related disorders in a student population. Psychological medicine, 41(2), 407-417.;web;yes;bn;yes;yes;Sanchez-Ortiz_2011_msd_edevom_post_12_interview_cbt_wl_NA_NA;0,3278339812072;0,24669171791521;;;;;;
280;Sanchez-Ortiz, 2011;cbt;wl;;;msd;ede wc;interview;weight concern;12,0;post;2,4;1,3;36,0;3,6;1,4;31,0;;;;;;;;;;;;;;;;;;;;;;;;;;;;;1;1;1;1;low;Sánchez-Ortiz, V. C., Munro, C., Stahl, D., House, J., Startup, H., Treasure, J., ... & Schmidt, U. (2011). A randomized controlled trial of internet-based cognitive-behavioural therapy for bulimia nervosa or related disorders in a student population. Psychological medicine, 41(2), 407-417.;web;yes;bn;yes;yes;Sanchez-Ortiz_2011_msd_edewc_post_12_interview_cbt_wl_NA_NA;0,880499579685353;0,256822713971408;;;;;;
281;Schmidt, 2008;cbt;wl;;;abstinence;zero ED behav;interview;zero eating disorder behaviours;12,0;post;;;;;;;;;;;;;;5,0;4,0;49,0;48,0;;;;;;;;;;;;;;;;;;1;1;1;1;low;Schmidt, U., Andiappan, M., Grover, M., Robinson, S., Perkins, S., Dugmore, O., ... & Williams, C. (2008). Randomised controlled trial of CD–ROM-based cognitive–behavioural self-care for bulimia nervosa. The British Journal of Psychiatry, 193(6), 493-500.;cdrom;yes;bn;yes;no;Schmidt_2008_abstinence_zeroEDbehav_post_12_interview_cbt_wl_NA_NA;0,122051671141494;0,388072316661847;0,202524264111474;0,639342242778749;5,0;4,0;49,0;48,0
282;Schmidt, 2008;cbt;wl;;;msd;ede r;interview;restraint;12,0;post;2,8;1,61;36,0;2,87;1,32;39,0;;;;;;;;;;;;;;;;;;;;;;;;;;;;;1;1;1;1;low;Schmidt, U., Andiappan, M., Grover, M., Robinson, S., Perkins, S., Dugmore, O., ... & Williams, C. (2008). Randomised controlled trial of CD–ROM-based cognitive–behavioural self-care for bulimia nervosa. The British Journal of Psychiatry, 193(6), 493-500.;cdrom;yes;bn;yes;no;Schmidt_2008_msd_eder_post_12_interview_cbt_wl_NA_NA;0,0472497459855165;0,231157951839297;;;;;;
283;Schmidt, 2008;cbt;wl;;;msd;ede ec;interview;eating concerns;12,0;post;2,25;1,5;36,0;1,96;1,38;39,0;;;;;;;;;;;;;;;;;;;;;;;;;;;;;1;1;1;1;low;Schmidt, U., Andiappan, M., Grover, M., Robinson, S., Perkins, S., Dugmore, O., ... & Williams, C. (2008). Randomised controlled trial of CD–ROM-based cognitive–behavioural self-care for bulimia nervosa. The British Journal of Psychiatry, 193(6), 493-500.;cdrom;yes;bn;yes;no;Schmidt_2008_msd_edeec_post_12_interview_cbt_wl_NA_NA;-0,199481202567085;0,231710258676888;;;;;;
284;Schmidt, 2008;cbt;wl;;;msd;ede;interview;ed psychopathology;12,0;post;3,11;1,47;35,0;3,0;1,11;39,0;;;;;;;;;;;;;;;;;;;;;;;;;;;;;1;1;1;1;low;Schmidt, U., Andiappan, M., Grover, M., Robinson, S., Perkins, S., Dugmore, O., ... & Williams, C. (2008). Randomised controlled trial of CD–ROM-based cognitive–behavioural self-care for bulimia nervosa. The British Journal of Psychiatry, 193(6), 493-500.;cdrom;yes;bn;yes;no;Schmidt_2008_msd_ede_post_12_interview_cbt_wl_NA_NA;-0,0842131460611082;0,23294074319939;;;;;;
285;Schmidt, 2008;cbt;wl;;;msd;ede sc;interview;shape concern;12,0;post;3,58;1,75;35,0;3,84;1,34;39,0;;;;;;;;;;;;;;;;;;;;;;;;;;;;;1;1;1;1;low;Schmidt, U., Andiappan, M., Grover, M., Robinson, S., Perkins, S., Dugmore, O., ... & Williams, C. (2008). Randomised controlled trial of CD–ROM-based cognitive–behavioural self-care for bulimia nervosa. The British Journal of Psychiatry, 193(6), 493-500.;cdrom;yes;bn;yes;no;Schmidt_2008_msd_edesc_post_12_interview_cbt_wl_NA_NA;0,166287869253977;0,233245059539208;;;;;;
286;Schmidt, 2008;cbt;wl;;;msd;ede wc;interview;weight concern;12,0;post;3,38;1,56;36,0;3,18;1,34;39,0;;;;;;;;;;;;;;;;;;;;;;;;;;;;;1;1;1;1;low;Schmidt, U., Andiappan, M., Grover, M., Robinson, S., Perkins, S., Dugmore, O., ... & Williams, C. (2008). Randomised controlled trial of CD–ROM-based cognitive–behavioural self-care for bulimia nervosa. The British Journal of Psychiatry, 193(6), 493-500.;cdrom;yes;bn;yes;no;Schmidt_2008_msd_edewc_post_12_interview_cbt_wl_NA_NA;-0,136541851668558;0,23139943277068;;;;;;
287;Senra, 2025;mindfulness;wl;;;msd;orwell;self-report;quality of life;12,0;post;11,5;7,9;29,0;17,2;8,9;43,0;;;;;;;;;;;;;;;;;;;;;;;;;;;;;?;?;sr;1;high;Senra, H., Duarte, C., Carvalho, S. A., Simões, L., Ferreira, C., Palmeira, L., ... & Pinto‐Gouveia, J. (2025). eBEfree: Combining Psychoeducation, Mindfulness, and Self‐Compassion in an App‐Based Psychological Intervention to Manage Binge‐Eating Symptoms: A Randomized Controlled Trial. International Journal of Eating Disorders, 58(7), 1199-1218.;app;yes;bed;no;no;Senra_2025_msd_orwell_post_12_self-report_mindfulness_wl_NA_NA;0,662278542868129;0,246680098203731;;;;;;
288;Senra, 2025;mindfulness;wl;;;msd;bdi;self-report;depression;12,0;post;89,4;15,1;29,0;96,6;16,0;43,0;;;;;;;;;;;;;;;;;;;;;;;;;;;;;?;?;sr;1;high;Senra, H., Duarte, C., Carvalho, S. A., Simões, L., Ferreira, C., Palmeira, L., ... & Pinto‐Gouveia, J. (2025). eBEfree: Combining Psychoeducation, Mindfulness, and Self‐Compassion in an App‐Based Psychological Intervention to Manage Binge‐Eating Symptoms: A Randomized Controlled Trial. International Journal of Eating Disorders, 58(7), 1199-1218.;app;yes;bed;no;no;Senra_2025_msd_bdi_post_12_self-report_mindfulness_wl_NA_NA;0,455227112929485;0,243329276456092;;;;;;
289;Shaprio, 2007;cbt;wl;;;abstinence;zero OBEs;self-report;binge abstinence;10,0;post;;;;;;;;;;;;;;3,0;1,0;23,0;23,0;;;;;;;;;;;;;;;;;;?;?;sr;0;high;Shapiro, J. R., Reba‐Harrelson, L., Dymek‐Valentine, M., Woolson, S. L., Hamer, R. M., & Bulik, C. M. (2007). Feasibility and acceptability of CD‐ROM‐based cognitive‐behavioural treatment for binge‐eating disorder. European Eating Disorders Review: The Professional Journal of the Eating Disorders Association, 15(3), 175-184.;cdrom;yes;bed;yes;no;Shaprio_2007_abstinence_zeroOBEs_post_10_self-report_cbt_wl_NA_NA;0,646959773663387;0,659013988590408;1,09861228866811;1,11641247377222;3,0;1,0;23,0;23,0
290;Shaprio, 2007;cbt;wl;;;msd;qewp;self-report;obe frequency;10,0;post;2,58;1,56;15,0;2,5;1,2;20,0;;;;;;;;;;;;;;;;;;;;;;;;;;;;;?;?;sr;0;high;Shapiro, J. R., Reba‐Harrelson, L., Dymek‐Valentine, M., Woolson, S. L., Hamer, R. M., & Bulik, C. M. (2007). Feasibility and acceptability of CD‐ROM‐based cognitive‐behavioural treatment for binge‐eating disorder. European Eating Disorders Review: The Professional Journal of the Eating Disorders Association, 15(3), 175-184.;cdrom;yes;bed;yes;no;Shaprio_2007_msd_qewp_post_10_self-report_cbt_wl_NA_NA;-0,0572919968427762;0,341636914697042;;;;;;
291;Sharp, 2025;cbt;wl;;;msd;dass-a;self-report;anxiety;4,0;post;13,1;10,4;30,0;17,3;10,0;30,0;;;;;;;;;;;;;;;;;;;;;;;;;;;;;1;0;sr;0;high;Sharp, G., Dwyer, B., Randhawa, A., McGrath, I., & Hu, H. (2025). The effectiveness of a chatbot single-session intervention for people on waitlists for eating disorder treatment: randomized controlled trial. Journal of Medical Internet Research, 27, e70874.;chatbot;NR;mixed;yes;no;Sharp_2025_msd_dass-a_post_4_self-report_cbt_wl_NA_NA;0,406339007732145;0,260919607854118;;;;;;
292;Sharp, 2025;cbt;wl;;;msd;dass-d;self-report;depression;4,0;post;17,4;10,1;30,0;19,2;8,7;30,0;;;;;;;;;;;;;;;;;;;;;;;;;;;;;1;0;sr;0;high;Sharp, G., Dwyer, B., Randhawa, A., McGrath, I., & Hu, H. (2025). The effectiveness of a chatbot single-session intervention for people on waitlists for eating disorder treatment: randomized controlled trial. Journal of Medical Internet Research, 27, e70874.;chatbot;NR;mixed;yes;no;Sharp_2025_msd_dass-d_post_4_self-report_cbt_wl_NA_NA;0,188480600225571;0,258786687477267;;;;;;
293;Sharp, 2025;cbt;wl;;;msd;edeq r;self-report;restraint;4,0;post;3,2;1,7;30,0;3,6;1,5;30,0;;;;;;;;;;;;;;;;;;;;;;;;;;;;;1;0;sr;0;high;Sharp, G., Dwyer, B., Randhawa, A., McGrath, I., & Hu, H. (2025). The effectiveness of a chatbot single-session intervention for people on waitlists for eating disorder treatment: randomized controlled trial. Journal of Medical Internet Research, 27, e70874.;chatbot;NR;mixed;yes;no;Sharp_2025_msd_edeqr_post_4_self-report_cbt_wl_NA_NA;0,246272714171102;0,25920160765542;;;;;;
294;Sharp, 2025;cbt;wl;;;msd;edeq ec;self-report;eating concerns;4,0;post;2,9;1,4;30,0;3,4;1,3;30,0;;;;;;;;;;;;;;;;;;;;;;;;;;;;;1;0;sr;0;high;Sharp, G., Dwyer, B., Randhawa, A., McGrath, I., & Hu, H. (2025). The effectiveness of a chatbot single-session intervention for people on waitlists for eating disorder treatment: randomized controlled trial. Journal of Medical Internet Research, 27, e70874.;chatbot;NR;mixed;yes;no;Sharp_2025_msd_edeqec_post_4_self-report_cbt_wl_NA_NA;0,365309895941675;0,260400113629165;;;;;;
295;Sharp, 2025;cbt;wl;;;msd;edeq;self-report;ed psychopathology;4,0;post;3,5;1,3;30,0;3,9;1,1;30,0;;;;;;;;;;;;;;;;;;;;;;;;;;;;;1;0;sr;0;high;Sharp, G., Dwyer, B., Randhawa, A., McGrath, I., & Hu, H. (2025). The effectiveness of a chatbot single-session intervention for people on waitlists for eating disorder treatment: randomized controlled trial. Journal of Medical Internet Research, 27, e70874.;chatbot;NR;mixed;yes;no;Sharp_2025_msd_edeq_post_4_self-report_cbt_wl_NA_NA;0,327867868513467;0,259973473447873;;;;;;
296;Sharp, 2025;cbt;wl;;;msd;cia;self-report;impairment;4,0;post;27,9;11,5;30,0;33,9;9,6;30,0;;;;;;;;;;;;;;;;;;;;;;;;;;;;;1;0;sr;0;high;Sharp, G., Dwyer, B., Randhawa, A., McGrath, I., & Hu, H. (2025). The effectiveness of a chatbot single-session intervention for people on waitlists for eating disorder treatment: randomized controlled trial. Journal of Medical Internet Research, 27, e70874.;chatbot;NR;mixed;yes;no;Sharp_2025_msd_cia_post_4_self-report_cbt_wl_NA_NA;0,559072348113577;0,263325548153356;;;;;;
297;Sharp, 2025;cbt;wl;;;msd;edeq sc;self-report;shape concern;4,0;post;4,0;1,4;30,0;4,5;1,3;30,0;;;;;;;;;;;;;;;;;;;;;;;;;;;;;1;0;sr;0;high;Sharp, G., Dwyer, B., Randhawa, A., McGrath, I., & Hu, H. (2025). The effectiveness of a chatbot single-session intervention for people on waitlists for eating disorder treatment: randomized controlled trial. Journal of Medical Internet Research, 27, e70874.;chatbot;NR;mixed;yes;no;Sharp_2025_msd_edeqsc_post_4_self-report_cbt_wl_NA_NA;0,365309895941675;0,260400113629165;;;;;;
298;Sharp, 2025;cbt;wl;;;msd;edeq wc;self-report;weight concern;4,0;post;3,7;1,4;30,0;4,3;1,2;30,0;;;;;;;;;;;;;;;;;;;;;;;;;;;;;1;0;sr;0;high;Sharp, G., Dwyer, B., Randhawa, A., McGrath, I., & Hu, H. (2025). The effectiveness of a chatbot single-session intervention for people on waitlists for eating disorder treatment: randomized controlled trial. Journal of Medical Internet Research, 27, e70874.;chatbot;NR;mixed;yes;no;Sharp_2025_msd_edeqwc_post_4_self-report_cbt_wl_NA_NA;0,454202642745975;0,261593907706238;;;;;;
299;Sharp, 2025;cbt;wl;;;msd;dass-a;self-report;anxiety;12,0;fu;11,6;8,7;30,0;16,0;7,0;30,0;;;;;;;;;;;;;;;;;;;;;;;;;;;;;1;0;sr;0;high;Sharp, G., Dwyer, B., Randhawa, A., McGrath, I., & Hu, H. (2025). The effectiveness of a chatbot single-session intervention for people on waitlists for eating disorder treatment: randomized controlled trial. Journal of Medical Internet Research, 27, e70874.;chatbot;NR;mixed;yes;no;Sharp_2025_msd_dass-a_fu_12_self-report_cbt_wl_NA_NA;0,550015247249855;0,263162340813366;;;;;;
300;Sharp, 2025;cbt;wl;;;msd;dass-d;self-report;depression;12,0;fu;15,4;10,7;30,0;18,7;8,0;30,0;;;;;;;;;;;;;;;;;;;;;;;;;;;;;1;0;sr;0;high;Sharp, G., Dwyer, B., Randhawa, A., McGrath, I., & Hu, H. (2025). The effectiveness of a chatbot single-session intervention for people on waitlists for eating disorder treatment: randomized controlled trial. Journal of Medical Internet Research, 27, e70874.;chatbot;NR;mixed;yes;no;Sharp_2025_msd_dass-d_fu_12_self-report_cbt_wl_NA_NA;0,344782218693901;0,260160585709114;;;;;;
301;Sharp, 2025;cbt;wl;;;msd;edeq r;self-report;restraint;12,0;fu;2,7;1,5;30,0;3,3;1,3;30,0;;;;;;;;;;;;;;;;;;;;;;;;;;;;;1;0;sr;0;high;Sharp, G., Dwyer, B., Randhawa, A., McGrath, I., & Hu, H. (2025). The effectiveness of a chatbot single-session intervention for people on waitlists for eating disorder treatment: randomized controlled trial. Journal of Medical Internet Research, 27, e70874.;chatbot;NR;mixed;yes;no;Sharp_2025_msd_edeqr_fu_12_self-report_cbt_wl_NA_NA;0,421930581746581;0,261131210900307;;;;;;
302;Sharp, 2025;cbt;wl;;;msd;edeq ec;self-report;eating concerns;12,0;fu;2,8;1,3;30,0;3,3;1,3;30,0;;;;;;;;;;;;;;;;;;;;;;;;;;;;;1;0;sr;0;high;Sharp, G., Dwyer, B., Randhawa, A., McGrath, I., & Hu, H. (2025). The effectiveness of a chatbot single-session intervention for people on waitlists for eating disorder treatment: randomized controlled trial. Journal of Medical Internet Research, 27, e70874.;chatbot;NR;mixed;yes;no;Sharp_2025_msd_edeqec_fu_12_self-report_cbt_wl_NA_NA;0,37962037962038;0,260575149014682;;;;;;
303;Sharp, 2025;cbt;wl;;;msd;edeq;self-report;ed psychopathology;12,0;fu;3,1;1,2;30,0;3,7;1,0;30,0;;;;;;;;;;;;;;;;;;;;;;;;;;;;;1;0;sr;0;high;Sharp, G., Dwyer, B., Randhawa, A., McGrath, I., & Hu, H. (2025). The effectiveness of a chatbot single-session intervention for people on waitlists for eating disorder treatment: randomized controlled trial. Journal of Medical Internet Research, 27, e70874.;chatbot;NR;mixed;yes;no;Sharp_2025_msd_edeq_fu_12_self-report_cbt_wl_NA_NA;0,536159742797253;0,262917635506083;;;;;;
304;Sharp, 2025;cbt;wl;;;msd;cia;self-report;impairment;12,0;fu;23,6;11,5;30,0;29,6;8,0;30,0;;;;;;;;;;;;;;;;;;;;;;;;;;;;;1;0;sr;0;high;Sharp, G., Dwyer, B., Randhawa, A., McGrath, I., & Hu, H. (2025). The effectiveness of a chatbot single-session intervention for people on waitlists for eating disorder treatment: randomized controlled trial. Journal of Medical Internet Research, 27, e70874.;chatbot;NR;mixed;yes;no;Sharp_2025_msd_cia_fu_12_self-report_cbt_wl_NA_NA;0,597839054797484;0,264053008896757;;;;;;
305;Sharp, 2025;cbt;wl;;;msd;edeq sc;self-report;shape concern;12,0;fu;3,7;1,5;30,0;4,3;1,2;30,0;;;;;;;;;;;;;;;;;;;;;;;;;;;;;1;0;sr;0;high;Sharp, G., Dwyer, B., Randhawa, A., McGrath, I., & Hu, H. (2025). The effectiveness of a chatbot single-session intervention for people on waitlists for eating disorder treatment: randomized controlled trial. Journal of Medical Internet Research, 27, e70874.;chatbot;NR;mixed;yes;no;Sharp_2025_msd_edeqsc_fu_12_self-report_cbt_wl_NA_NA;0,435989401646147;0,261328687531295;;;;;;
306;Sharp, 2025;cbt;wl;;;msd;edeq wc;self-report;weight concern;12,0;fu;3,3;1,3;30,0;4,1;1,1;30,0;;;;;;;;;;;;;;;;;;;;;;;;;;;;;1;0;sr;0;high;Sharp, G., Dwyer, B., Randhawa, A., McGrath, I., & Hu, H. (2025). The effectiveness of a chatbot single-session intervention for people on waitlists for eating disorder treatment: randomized controlled trial. Journal of Medical Internet Research, 27, e70874.;chatbot;NR;mixed;yes;no;Sharp_2025_msd_edeqwc_fu_12_self-report_cbt_wl_NA_NA;0,655735737026934;0,265225993421095;;;;;;
307;Strandskov, 2017;cbt;wl;;;msd;gad7;self-report;anxiety;8,0;post;6,44;6,76;46,0;7,65;4,69;46,0;;;;;;;;;;;;;;;;;;;;;;;;;;;;;1;1;sr;1;low;Strandskov, S. W., Ghaderi, A., Andersson, H., Parmskog, N., Hjort, E., Wärn, A. S., ... & Andersson, G. (2017). Effects of tailored and ACT-influenced internet-based CBT for eating disorders and the relation between knowledge acquisition and outcome: a randomized controlled trial. Behavior therapy, 48(5), 624-637.;web;yes;bn;yes;yes;Strandskov_2017_msd_gad7_post_8_self-report_cbt_wl_NA_NA;0,2062442224057;0,209077380753829;;;;;;
308;Strandskov, 2017;cbt;wl;;;msd;bsq;self-report;body dissatisfaction;8,0;post;28,32;13,59;46,0;33,84;8,79;46,0;;;;;;;;;;;;;;;;;;;;;;;;;;;;;1;1;sr;1;low;Strandskov, S. W., Ghaderi, A., Andersson, H., Parmskog, N., Hjort, E., Wärn, A. S., ... & Andersson, G. (2017). Effects of tailored and ACT-influenced internet-based CBT for eating disorders and the relation between knowledge acquisition and outcome: a randomized controlled trial. Behavior therapy, 48(5), 624-637.;web;yes;bn;yes;yes;Strandskov_2017_msd_bsq_post_8_self-report_cbt_wl_NA_NA;0,478298038516989;0,211524499004184;;;;;;
309;Strandskov, 2017;cbt;wl;;;msd;phq9;self-report;depression;8,0;post;8,25;8,18;46,0;9,73;5,84;46,0;;;;;;;;;;;;;;;;;;;;;;;;;;;;;1;1;sr;1;low;Strandskov, S. W., Ghaderi, A., Andersson, H., Parmskog, N., Hjort, E., Wärn, A. S., ... & Andersson, G. (2017). Effects of tailored and ACT-influenced internet-based CBT for eating disorders and the relation between knowledge acquisition and outcome: a randomized controlled trial. Behavior therapy, 48(5), 624-637.;web;yes;bn;yes;yes;Strandskov_2017_msd_phq9_post_8_self-report_cbt_wl_NA_NA;0,206506097541226;0,209078809365624;;;;;;
310;Strandskov, 2017;cbt;wl;;;msd;edeq r;self-report;restraint;8,0;post;2,01;2,12;46,0;3,16;1,44;46,0;;;;;;;;;;;;;;;;;;;;;;;;;;;;;1;1;sr;1;low;Strandskov, S. W., Ghaderi, A., Andersson, H., Parmskog, N., Hjort, E., Wärn, A. S., ... & Andersson, G. (2017). Effects of tailored and ACT-influenced internet-based CBT for eating disorders and the relation between knowledge acquisition and outcome: a randomized controlled trial. Behavior therapy, 48(5), 624-637.;web;yes;bn;yes;yes;Strandskov_2017_msd_edeqr_post_8_self-report_cbt_wl_NA_NA;0,629291427351849;0,213698158086791;;;;;;
311;Strandskov, 2017;cbt;wl;;;msd;edeq ec;self-report;eating concerns;8,0;post;2,48;2,51;46,0;3,2;1,56;46,0;;;;;;;;;;;;;;;;;;;;;;;;;;;;;1;1;sr;1;low;Strandskov, S. W., Ghaderi, A., Andersson, H., Parmskog, N., Hjort, E., Wärn, A. S., ... & Andersson, G. (2017). Effects of tailored and ACT-influenced internet-based CBT for eating disorders and the relation between knowledge acquisition and outcome: a randomized controlled trial. Behavior therapy, 48(5), 624-637.;web;yes;bn;yes;yes;Strandskov_2017_msd_edeqec_post_8_self-report_cbt_wl_NA_NA;0,341667687832715;0,210055797105149;;;;;;
312;Strandskov, 2017;cbt;wl;;;msd;edeq;self-report;ed psychopathology;8,0;post;2,84;1,68;46,0;3,62;1,15;46,0;;;;;;;;;;;;;;;;;;;;;;;;;;;;;1;1;sr;1;low;Strandskov, S. W., Ghaderi, A., Andersson, H., Parmskog, N., Hjort, E., Wärn, A. S., ... & Andersson, G. (2017). Effects of tailored and ACT-influenced internet-based CBT for eating disorders and the relation between knowledge acquisition and outcome: a randomized controlled trial. Behavior therapy, 48(5), 624-637.;web;yes;bn;yes;yes;Strandskov_2017_msd_edeq_post_8_self-report_cbt_wl_NA_NA;0,537289212827874;0,212305737120464;;;;;;
313;Strandskov, 2017;cbt;wl;;;msd;swls;self-report;life satisfaction;8,0;post;14,58;7,91;46,0;14,47;5,2;46,0;;;;;;;;;;;;;;;;;;;;;;;;;;;;;1;1;sr;1;low;Strandskov, S. W., Ghaderi, A., Andersson, H., Parmskog, N., Hjort, E., Wärn, A. S., ... & Andersson, G. (2017). Effects of tailored and ACT-influenced internet-based CBT for eating disorders and the relation between knowledge acquisition and outcome: a randomized controlled trial. Behavior therapy, 48(5), 624-637.;web;yes;bn;yes;yes;Strandskov_2017_msd_swls_post_8_self-report_cbt_wl_NA_NA;0,0162963220230817;0,208517933553523;;;;;;
314;Strandskov, 2017;cbt;wl;;;msd;qoli;self-report;quality of life;8,0;post;1,11;2,11;46,0;1,36;1,42;46,0;;;;;;;;;;;;;;;;;;;;;;;;;;;;;1;1;sr;1;low;Strandskov, S. W., Ghaderi, A., Andersson, H., Parmskog, N., Hjort, E., Wärn, A. S., ... & Andersson, G. (2017). Effects of tailored and ACT-influenced internet-based CBT for eating disorders and the relation between knowledge acquisition and outcome: a randomized controlled trial. Behavior therapy, 48(5), 624-637.;web;yes;bn;yes;yes;Strandskov_2017_msd_qoli_post_8_self-report_cbt_wl_NA_NA;-0,137850632987735;0,208766100893453;;;;;;
315;Strandskov, 2017;cbt;wl;;;msd;edeq sc;self-report;shape concern;8,0;post;3,8;1,92;46,0;4,38;1,39;46,0;;;;;;;;;;;;;;;;;;;;;;;;;;;;;1;1;sr;1;low;Strandskov, S. W., Ghaderi, A., Andersson, H., Parmskog, N., Hjort, E., Wärn, A. S., ... & Andersson, G. (2017). Effects of tailored and ACT-influenced internet-based CBT for eating disorders and the relation between knowledge acquisition and outcome: a randomized controlled trial. Behavior therapy, 48(5), 624-637.;web;yes;bn;yes;yes;Strandskov_2017_msd_edeqsc_post_8_self-report_cbt_wl_NA_NA;0,343153433111667;0,210069181972745;;;;;;
316;Strandskov, 2017;cbt;wl;;;msd;edeq wc;self-report;weight concern;8,0;post;3,05;1,88;46,0;3,73;1,35;46,0;;;;;;;;;;;;;;;;;;;;;;;;;;;;;1;1;sr;1;low;Strandskov, S. W., Ghaderi, A., Andersson, H., Parmskog, N., Hjort, E., Wärn, A. S., ... & Andersson, G. (2017). Effects of tailored and ACT-influenced internet-based CBT for eating disorders and the relation between knowledge acquisition and outcome: a randomized controlled trial. Behavior therapy, 48(5), 624-637.;web;yes;bn;yes;yes;Strandskov_2017_msd_edeqwc_post_8_self-report_cbt_wl_NA_NA;0,412024167262704;0,210752239138541;;;;;;
317;Taylor, 2016;cbt;wl;;;msd;stai;self-report;anxiety;8,0;post;43,2;12,4;91,0;43,2;12,4;94,0;;;;;;;;;;;;;;;;;;;;;;;;;;;;;1;1;sr;1;low;Taylor, C. B., Kass, A. E., Trockel, M., Cunning, D., Weisman, H., Bailey, J., ... & Wilfley, D. E. (2016). Reducing eating disorder onset in a very high risk sample with significant comorbid depression: A randomized controlled trial. Journal of consulting and clinical psychology, 84(5), 402.;web;no;;yes;yes;Taylor_2016_msd_stai_post_8_self-report_cbt_wl_NA_NA;0,0;0,147062261853106;;;;;;
318;Taylor, 2016;cbt;wl;;;msd;bdi;self-report;depression;8,0;post;9,3;8,3;91,0;9,3;8,7;94,0;;;;;;;;;;;;;;;;;;;;;;;;;;;;;1;1;sr;1;low;Taylor, C. B., Kass, A. E., Trockel, M., Cunning, D., Weisman, H., Bailey, J., ... & Wilfley, D. E. (2016). Reducing eating disorder onset in a very high risk sample with significant comorbid depression: A randomized controlled trial. Journal of consulting and clinical psychology, 84(5), 402.;web;no;;yes;yes;Taylor_2016_msd_bdi_post_8_self-report_cbt_wl_NA_NA;0,0;0,147062261853106;;;;;;
319;Taylor, 2016;cbt;wl;;;msd;edeq r;self-report;restraint;8,0;post;1,53;1,2;91,0;1,87;1,2;94,0;;;;;;;;;;;;;;;;;;;;;;;;;;;;;1;1;sr;1;low;Taylor, C. B., Kass, A. E., Trockel, M., Cunning, D., Weisman, H., Bailey, J., ... & Wilfley, D. E. (2016). Reducing eating disorder onset in a very high risk sample with significant comorbid depression: A randomized controlled trial. Journal of consulting and clinical psychology, 84(5), 402.;web;no;;yes;yes;Taylor_2016_msd_edeqr_post_8_self-report_cbt_wl_NA_NA;0,282170542635659;0,147798091423125;;;;;;
320;Taylor, 2016;cbt;wl;;;msd;edeq ec;self-report;eating concerns;8,0;post;0,79;0,67;91,0;1,17;1,0;94,0;;;;;;;;;;;;;;;;;;;;;;;;;;;;;1;1;sr;1;low;Taylor, C. B., Kass, A. E., Trockel, M., Cunning, D., Weisman, H., Bailey, J., ... & Wilfley, D. E. (2016). Reducing eating disorder onset in a very high risk sample with significant comorbid depression: A randomized controlled trial. Journal of consulting and clinical psychology, 84(5), 402.;web;no;;yes;yes;Taylor_2016_msd_edeqec_post_8_self-report_cbt_wl_NA_NA;0,443244750967544;0,148871364287659;;;;;;
321;Taylor, 2016;cbt;wl;;;msd;edeq;self-report;ed psychopathology;8,0;post;1,62;0,77;91,0;2,09;1,0;94,0;;;;;;;;;;;;;;;;;;;;;;;;;;;;;1;1;sr;1;low;Taylor, C. B., Kass, A. E., Trockel, M., Cunning, D., Weisman, H., Bailey, J., ... & Wilfley, D. E. (2016). Reducing eating disorder onset in a very high risk sample with significant comorbid depression: A randomized controlled trial. Journal of consulting and clinical psychology, 84(5), 402.;web;no;;yes;yes;Taylor_2016_msd_edeq_post_8_self-report_cbt_wl_NA_NA;0,52338915692763;0,14957871340273;;;;;;
322;Taylor, 2016;cbt;wl;;;msd;cia;self-report;impairment;8,0;post;8,33;7,1;91,0;10,5;8,4;94,0;;;;;;;;;;;;;;;;;;;;;;;;;;;;;1;1;sr;1;low;Taylor, C. B., Kass, A. E., Trockel, M., Cunning, D., Weisman, H., Bailey, J., ... & Wilfley, D. E. (2016). Reducing eating disorder onset in a very high risk sample with significant comorbid depression: A randomized controlled trial. Journal of consulting and clinical psychology, 84(5), 402.;web;no;;yes;yes;Taylor_2016_msd_cia_post_8_self-report_cbt_wl_NA_NA;0,277496651322956;0,147773974864052;;;;;;
323;Taylor, 2016;cbt;wl;;;msd;edeq sc;self-report;shape concern;8,0;post;1,97;1,0;91,0;2,57;1,4;94,0;;;;;;;;;;;;;;;;;;;;;;;;;;;;;1;1;sr;1;low;Taylor, C. B., Kass, A. E., Trockel, M., Cunning, D., Weisman, H., Bailey, J., ... & Wilfley, D. E. (2016). Reducing eating disorder onset in a very high risk sample with significant comorbid depression: A randomized controlled trial. Journal of consulting and clinical psychology, 84(5), 402.;web;no;;yes;yes;Taylor_2016_msd_edeqsc_post_8_self-report_cbt_wl_NA_NA;0,489872349427817;0,149269039601066;;;;;;
324;Taylor, 2016;cbt;wl;;;msd;wcs;self-report;weight concern;8,0;post;51,2;14,6;91,0;55,4;16,3;94,0;;;;;;;;;;;;;;;;;;;;;;;;;;;;;1;1;sr;1;low;Taylor, C. B., Kass, A. E., Trockel, M., Cunning, D., Weisman, H., Bailey, J., ... & Wilfley, D. E. (2016). Reducing eating disorder onset in a very high risk sample with significant comorbid depression: A randomized controlled trial. Journal of consulting and clinical psychology, 84(5), 402.;web;no;;yes;yes;Taylor_2016_msd_wcs_post_8_self-report_cbt_wl_NA_NA;0,270077487778254;0,147736512494242;;;;;;
325;Taylor, 2016;cbt;wl;;;msd;edeq wc;self-report;weight concern;8,0;post;2,23;0,97;91,0;2,7;1,3;94,0;;;;;;;;;;;;;;;;;;;;;;;;;;;;;1;1;sr;1;low;Taylor, C. B., Kass, A. E., Trockel, M., Cunning, D., Weisman, H., Bailey, J., ... & Wilfley, D. E. (2016). Reducing eating disorder onset in a very high risk sample with significant comorbid depression: A randomized controlled trial. Journal of consulting and clinical psychology, 84(5), 402.;web;no;;yes;yes;Taylor_2016_msd_edeqwc_post_8_self-report_cbt_wl_NA_NA;0,407158458478959;0,148590234724033;;;;;;
326;Taylor, 2016;cbt;wl;;;msd;stai;self-report;anxiety;104,0;fu;39,2;11,21;91,0;39,5;12,7;94,0;;;;;;;;;;;;;;;;;;;;;;;;;;;;;1;1;sr;1;low;Taylor, C. B., Kass, A. E., Trockel, M., Cunning, D., Weisman, H., Bailey, J., ... & Wilfley, D. E. (2016). Reducing eating disorder onset in a very high risk sample with significant comorbid depression: A randomized controlled trial. Journal of consulting and clinical psychology, 84(5), 402.;web;no;;yes;yes;Taylor_2016_msd_stai_fu_104_self-report_cbt_wl_NA_NA;0,0249173889868791;0,147068014074658;;;;;;
327;Taylor, 2016;cbt;wl;;;msd;bdi;self-report;depression;104,0;fu;7,4;6,19;91,0;8,3;9,0;94,0;;;;;;;;;;;;;;;;;;;;;;;;;;;;;1;1;sr;1;low;Taylor, C. B., Kass, A. E., Trockel, M., Cunning, D., Weisman, H., Bailey, J., ... & Wilfley, D. E. (2016). Reducing eating disorder onset in a very high risk sample with significant comorbid depression: A randomized controlled trial. Journal of consulting and clinical psychology, 84(5), 402.;web;no;;yes;yes;Taylor_2016_msd_bdi_fu_104_self-report_cbt_wl_NA_NA;0,115705028108153;0,147186244375802;;;;;;
328;Taylor, 2016;cbt;wl;;;msd;edeq r;self-report;restraint;104,0;fu;1,17;1,1;91,0;1,52;1,3;94,0;;;;;;;;;;;;;;;;;;;;;;;;;;;;;1;1;sr;1;low;Taylor, C. B., Kass, A. E., Trockel, M., Cunning, D., Weisman, H., Bailey, J., ... & Wilfley, D. E. (2016). Reducing eating disorder onset in a very high risk sample with significant comorbid depression: A randomized controlled trial. Journal of consulting and clinical psychology, 84(5), 402.;web;no;;yes;yes;Taylor_2016_msd_edeqr_fu_104_self-report_cbt_wl_NA_NA;0,289074402571574;0,147834443764295;;;;;;
329;Taylor, 2016;cbt;wl;;;msd;edeq ec;self-report;eating concerns;104,0;fu;0,5;0,56;91,0;0,78;0,92;94,0;;;;;;;;;;;;;;;;;;;;;;;;;;;;;1;1;sr;1;low;Taylor, C. B., Kass, A. E., Trockel, M., Cunning, D., Weisman, H., Bailey, J., ... & Wilfley, D. E. (2016). Reducing eating disorder onset in a very high risk sample with significant comorbid depression: A randomized controlled trial. Journal of consulting and clinical psychology, 84(5), 402.;web;no;;yes;yes;Taylor_2016_msd_edeqec_fu_104_self-report_cbt_wl_NA_NA;0,364778399191981;0,148289950582938;;;;;;
330;Taylor, 2016;cbt;wl;;;msd;edeq;self-report;ed psychopathology;104,0;fu;1,29;0,82;91,0;1,62;1,1;94,0;;;;;;;;;;;;;;;;;;;;;;;;;;;;;1;1;sr;1;low;Taylor, C. B., Kass, A. E., Trockel, M., Cunning, D., Weisman, H., Bailey, J., ... & Wilfley, D. E. (2016). Reducing eating disorder onset in a very high risk sample with significant comorbid depression: A randomized controlled trial. Journal of consulting and clinical psychology, 84(5), 402.;web;no;;yes;yes;Taylor_2016_msd_edeq_fu_104_self-report_cbt_wl_NA_NA;0,337965761080784;0,148116722185848;;;;;;
331;Taylor, 2016;cbt;wl;;;msd;cia;self-report;impairment;104,0;fu;4,07;6,7;91,0;6,36;8,9;94,0;;;;;;;;;;;;;;;;;;;;;;;;;;;;;1;1;sr;1;low;Taylor, C. B., Kass, A. E., Trockel, M., Cunning, D., Weisman, H., Bailey, J., ... & Wilfley, D. E. (2016). Reducing eating disorder onset in a very high risk sample with significant comorbid depression: A randomized controlled trial. Journal of consulting and clinical psychology, 84(5), 402.;web;no;;yes;yes;Taylor_2016_msd_cia_fu_104_self-report_cbt_wl_NA_NA;0,288865949885067;0,147833333422238;;;;;;
332;Taylor, 2016;cbt;wl;;;msd;edeq sc;self-report;shape concern;104,0;fu;1,58;1,2;91,0;1,95;1,4;94,0;;;;;;;;;;;;;;;;;;;;;;;;;;;;;1;1;sr;1;low;Taylor, C. B., Kass, A. E., Trockel, M., Cunning, D., Weisman, H., Bailey, J., ... & Wilfley, D. E. (2016). Reducing eating disorder onset in a very high risk sample with significant comorbid depression: A randomized controlled trial. Journal of consulting and clinical psychology, 84(5), 402.;web;no;;yes;yes;Taylor_2016_msd_edeqsc_fu_104_self-report_cbt_wl_NA_NA;0,28225881149013;0,147798550714042;;;;;;
333;Taylor, 2016;cbt;wl;;;msd;wcs;self-report;weight concern;104,0;fu;42,9;18,6;91,0;46,3;19,4;94,0;;;;;;;;;;;;;;;;;;;;;;;;;;;;;1;1;sr;1;low;Taylor, C. B., Kass, A. E., Trockel, M., Cunning, D., Weisman, H., Bailey, J., ... & Wilfley, D. E. (2016). Reducing eating disorder onset in a very high risk sample with significant comorbid depression: A randomized controlled trial. Journal of consulting and clinical psychology, 84(5), 402.;web;no;;yes;yes;Taylor_2016_msd_wcs_fu_104_self-report_cbt_wl_NA_NA;0,178112061122284;0,147355886395577;;;;;;
334;Taylor, 2016;cbt;wl;;;msd;edeq wc;self-report;weight concern;104,0;fu;1,92;1,2;91,0;2,19;1,4;94,0;;;;;;;;;;;;;;;;;;;;;;;;;;;;;1;1;sr;1;low;Taylor, C. B., Kass, A. E., Trockel, M., Cunning, D., Weisman, H., Bailey, J., ... & Wilfley, D. E. (2016). Reducing eating disorder onset in a very high risk sample with significant comorbid depression: A randomized controlled trial. Journal of consulting and clinical psychology, 84(5), 402.;web;no;;yes;yes;Taylor_2016_msd_edeqwc_fu_104_self-report_cbt_wl_NA_NA;0,205972646222528;0,147454797329325;;;;;;
335;ter Huurne, 2015;cbt;wl;;;msd;dass-a;self-report;anxiety;18,0;post;4,7;5,4;108,0;6,4;6,4;106,0;;;;;;;;;;;;;;;;;;;;;;;;;;;;;1;1;sr;1;low;ter Huurne, E. D., de Haan, H. A., Postel, M. G., van der Palen, J., VanDerNagel, J. E., & DeJong, C. A. (2015). Web-based cognitive behavioral therapy for female patients with eating disorders: randomized controlled trial. Journal of medical Internet research, 17(6), e152.;web;no;;yes;yes;terHuurne_2015_msd_dass-a_post_18_self-report_cbt_wl_NA_NA;0,286316919791615;0,137426785978657;;;;;;
336;ter Huurne, 2015;cbt;wl;;;msd;bat;self-report;body dissatisfaction;18,0;post;50,5;17,6;108,0;58,6;15,3;106,0;;;;;;;;;;;;;;;;;;;;;;;;;;;;;1;1;sr;1;low;ter Huurne, E. D., de Haan, H. A., Postel, M. G., van der Palen, J., VanDerNagel, J. E., & DeJong, C. A. (2015). Web-based cognitive behavioral therapy for female patients with eating disorders: randomized controlled trial. Journal of medical Internet research, 17(6), e152.;web;no;;yes;yes;terHuurne_2015_msd_bat_post_18_self-report_cbt_wl_NA_NA;0,489141647346852;0,138766783807592;;;;;;
337;ter Huurne, 2015;cbt;wl;;;msd;dass-d;self-report;depression;18,0;post;7,5;7,5;108,0;10,2;8,6;106,0;;;;;;;;;;;;;;;;;;;;;;;;;;;;;1;1;sr;1;low;ter Huurne, E. D., de Haan, H. A., Postel, M. G., van der Palen, J., VanDerNagel, J. E., & DeJong, C. A. (2015). Web-based cognitive behavioral therapy for female patients with eating disorders: randomized controlled trial. Journal of medical Internet research, 17(6), e152.;web;no;;yes;yes;terHuurne_2015_msd_dass-d_post_18_self-report_cbt_wl_NA_NA;0,333652539269473;0,137677800408741;;;;;;
338;ter Huurne, 2015;cbt;wl;;;msd;edeq r;self-report;restraint;18,0;post;2,2;1,4;108,0;2,1;1,4;106,0;;;;;;;;;;;;;;;;;;;;;;;;;;;;;1;1;sr;1;low;ter Huurne, E. D., de Haan, H. A., Postel, M. G., van der Palen, J., VanDerNagel, J. E., & DeJong, C. A. (2015). Web-based cognitive behavioral therapy for female patients with eating disorders: randomized controlled trial. Journal of medical Internet research, 17(6), e152.;web;no;;yes;yes;terHuurne_2015_msd_edeqr_post_18_self-report_cbt_wl_NA_NA;-0,0711755776690842;0,136766743689843;;;;;;
339;ter Huurne, 2015;cbt;wl;;;msd;edeq ec;self-report;eating concerns;18,0;post;1,7;1,3;108,0;2,4;1,5;106,0;;;;;;;;;;;;;;;;;;;;;;;;;;;;;1;1;sr;1;low;ter Huurne, E. D., de Haan, H. A., Postel, M. G., van der Palen, J., VanDerNagel, J. E., & DeJong, C. A. (2015). Web-based cognitive behavioral therapy for female patients with eating disorders: randomized controlled trial. Journal of medical Internet research, 17(6), e152.;web;no;;yes;yes;terHuurne_2015_msd_edeqec_post_18_self-report_cbt_wl_NA_NA;0,497296410323485;0,13883497010597;;;;;;
340;ter Huurne, 2015;cbt;wl;;;msd;edeq;self-report;ed psychopathology;18,0;post;2,6;1,2;108,0;3,0;1,1;106,0;;;;;;;;;;;;;;;;;;;;;;;;;;;;;1;1;sr;1;low;ter Huurne, E. D., de Haan, H. A., Postel, M. G., van der Palen, J., VanDerNagel, J. E., & DeJong, C. A. (2015). Web-based cognitive behavioral therapy for female patients with eating disorders: randomized controlled trial. Journal of medical Internet research, 17(6), e152.;web;no;;yes;yes;terHuurne_2015_msd_edeq_post_18_self-report_cbt_wl_NA_NA;0,346125313241482;0,137750237345022;;;;;;
341;ter Huurne, 2015;cbt;wl;;;msd;qoli;self-report;quality of life;18,0;post;69,2;15,8;108,0;65,4;15,0;106,0;;;;;;;;;;;;;;;;;;;;;;;;;;;;;1;1;sr;1;low;ter Huurne, E. D., de Haan, H. A., Postel, M. G., van der Palen, J., VanDerNagel, J. E., & DeJong, C. A. (2015). Web-based cognitive behavioral therapy for female patients with eating disorders: randomized controlled trial. Journal of medical Internet research, 17(6), e152.;web;no;;yes;yes;terHuurne_2015_msd_qoli_post_18_self-report_cbt_wl_NA_NA;0,245736202287053;0,137241814886608;;;;;;
342;ter Huurne, 2015;cbt;wl;;;msd;rse;self-report;self-esteem;18,0;post;18,6;6,8;108,0;18,3;6,9;106,0;;;;;;;;;;;;;;;;;;;;;;;;;;;;;1;1;sr;1;low;ter Huurne, E. D., de Haan, H. A., Postel, M. G., van der Palen, J., VanDerNagel, J. E., & DeJong, C. A. (2015). Web-based cognitive behavioral therapy for female patients with eating disorders: randomized controlled trial. Journal of medical Internet research, 17(6), e152.;web;no;;yes;yes;terHuurne_2015_msd_rse_post_18_self-report_cbt_wl_NA_NA;0,0436423428549239;0,136739545640546;;;;;;
343;ter Huurne, 2015;cbt;wl;;;msd;edeq sc;self-report;shape concern;18,0;post;3,4;1,5;108,0;3,9;1,3;106,0;;;;;;;;;;;;;;;;;;;;;;;;;;;;;1;1;sr;1;low;ter Huurne, E. D., de Haan, H. A., Postel, M. G., van der Palen, J., VanDerNagel, J. E., & DeJong, C. A. (2015). Web-based cognitive behavioral therapy for female patients with eating disorders: randomized controlled trial. Journal of medical Internet research, 17(6), e152.;web;no;;yes;yes;terHuurne_2015_msd_edeqsc_post_18_self-report_cbt_wl_NA_NA;0,354735748618189;0,137801771080213;;;;;;
344;ter Huurne, 2015;cbt;wl;;;msd;edeq wc;self-report;weight concern;18,0;post;3,1;1,4;108,0;3,7;1,2;106,0;;;;;;;;;;;;;;;;;;;;;;;;;;;;;1;1;sr;1;low;ter Huurne, E. D., de Haan, H. A., Postel, M. G., van der Palen, J., VanDerNagel, J. E., & DeJong, C. A. (2015). Web-based cognitive behavioral therapy for female patients with eating disorders: randomized controlled trial. Journal of medical Internet research, 17(6), e152.;web;no;;yes;yes;terHuurne_2015_msd_edeqwc_post_18_self-report_cbt_wl_NA_NA;0,458218630292912;0,138518179373513;;;;;;
345;van Beers, 2025;cbt;tau;;;abstinence;zero OBEs;interview;abstinence;12,0;post;;;;;;;;;;;;;;45,0;56,0;93,0;94,0;;;;;;;;;;;;;;;;;;1;?;1;1;low;van Beers, E., Melisse, B., Poelstra, P., Lommerse, N., de Jonge, M., de Waal, M., ... & van den Berg, E. (2025). Web-based guided self-help vs treatment as usual for binge-eating disorder: a randomized clinical trial. JAMA network open, 8(10), e2536644.;web;yes;bed;yes;yes;vanBeers_2025_abstinence_zeroOBEs_post_12_interview_cbt_tau_NA_NA;-0,248355972922834;0,162832063549962;-0,207993911848081;0,136705446252085;45,0;56,0;93,0;94,0
346;van Beers, 2025;cbt;tau;;;msd;bsq;self-report;body dissatisfaction;12,0;post;92,88;20,7;93,0;94,5;19,0;94,0;;;;;;;;;;;;;;;;;;;;;;;;;;;;;1;?;1;1;low;van Beers, E., Melisse, B., Poelstra, P., Lommerse, N., de Jonge, M., de Waal, M., ... & van den Berg, E. (2025). Web-based guided self-help vs treatment as usual for binge-eating disorder: a randomized clinical trial. JAMA network open, 8(10), e2536644.;web;yes;bed;yes;yes;vanBeers_2025_msd_bsq_post_12_self-report_cbt_tau_NA_NA;0,081225133738313;0,146317362535859;;;;;;
347;van Beers, 2025;cbt;tau;;;msd;ede;interview;ed psychopathology;12,0;post;1,43;0,7;93,0;1,39;0,7;94,0;;;;;;;;;;;;;;;;;;;;;;;;;;;;;1;?;1;1;low;van Beers, E., Melisse, B., Poelstra, P., Lommerse, N., de Jonge, M., de Waal, M., ... & van den Berg, E. (2025). Web-based guided self-help vs treatment as usual for binge-eating disorder: a randomized clinical trial. JAMA network open, 8(10), e2536644.;web;yes;bed;yes;yes;vanBeers_2025_msd_ede_post_12_interview_cbt_tau_NA_NA;-0,056910883433211;0,146286420454589;;;;;;
348;van Beers, 2025;cbt;tau;;;msd;cia;self-report;impairment;12,0;post;14,12;6,1;93,0;13,57;5,6;94,0;;;;;;;;;;;;;;;;;;;;;;;;;;;;;1;?;1;1;low;van Beers, E., Melisse, B., Poelstra, P., Lommerse, N., de Jonge, M., de Waal, M., ... & van den Berg, E. (2025). Web-based guided self-help vs treatment as usual for binge-eating disorder: a randomized clinical trial. JAMA network open, 8(10), e2536644.;web;yes;bed;yes;yes;vanBeers_2025_msd_cia_post_12_self-report_cbt_tau_NA_NA;-0,0935716205212682;0,146337241010027;;;;;;
349;van Beers, 2025;cbt;tau;;;msd;ede obe;interview;obe frequency;12,0;post;3,24;4,7;93,0;4,06;5,0;94,0;;;;;;;;;;;;;;;;;;;;;;;;;;;;;1;?;1;1;low;van Beers, E., Melisse, B., Poelstra, P., Lommerse, N., de Jonge, M., de Waal, M., ... & van den Berg, E. (2025). Web-based guided self-help vs treatment as usual for binge-eating disorder: a randomized clinical trial. JAMA network open, 8(10), e2536644.;web;yes;bed;yes;yes;vanBeers_2025_msd_edeobe_post_12_interview_cbt_tau_NA_NA;0,168277231417694;0,146517299490038;;;;;;
350;van Beers, 2025;cbt;tau;;;abstinence;zero OBEs;interview;abstinence;20,0;fu;;;;;;;;;;;;;;44,0;41,0;93,0;94,0;;;;;;;;;;;;;;;;;;1;?;1;1;low;van Beers, E., Melisse, B., Poelstra, P., Lommerse, N., de Jonge, M., de Waal, M., ... & van den Berg, E. (2025). Web-based guided self-help vs treatment as usual for binge-eating disorder: a randomized clinical trial. JAMA network open, 8(10), e2536644.;web;yes;bed;yes;yes;vanBeers_2025_abstinence_zeroOBEs_fu_20_interview_cbt_tau_NA_NA;0,0818634916821055;0,162050938836824;0,0813128563307013;0,160394920696786;44,0;41,0;93,0;94,0
351;van Beers, 2025;cbt;tau;;;msd;bsq;self-report;body dissatisfaction;20,0;fu;84,18;21,9;93,0;81,65;20,3;94,0;;;;;;;;;;;;;;;;;;;;;;;;;;;;;1;?;1;1;low;van Beers, E., Melisse, B., Poelstra, P., Lommerse, N., de Jonge, M., de Waal, M., ... & van den Berg, E. (2025). Web-based guided self-help vs treatment as usual for binge-eating disorder: a randomized clinical trial. JAMA network open, 8(10), e2536644.;web;yes;bed;yes;yes;vanBeers_2025_msd_bsq_fu_20_self-report_cbt_tau_NA_NA;-0,11935714121194;0,146387801584775;;;;;;
352;van Beers, 2025;cbt;tau;;;msd;ede;interview;ed psychopathology;20,0;fu;1,66;0,9;93,0;1,63;0,8;94,0;;;;;;;;;;;;;;;;;;;;;;;;;;;;;1;?;1;1;low;van Beers, E., Melisse, B., Poelstra, P., Lommerse, N., de Jonge, M., de Waal, M., ... & van den Berg, E. (2025). Web-based guided self-help vs treatment as usual for binge-eating disorder: a randomized clinical trial. JAMA network open, 8(10), e2536644.;web;yes;bed;yes;yes;vanBeers_2025_msd_ede_fu_20_interview_cbt_tau_NA_NA;-0,0351013067999802;0,146267929995718;;;;;;
353;van Beers, 2025;cbt;tau;;;msd;cia;self-report;impairment;20,0;fu;11,67;6,4;93,0;9,95;5,9;94,0;;;;;;;;;;;;;;;;;;;;;;;;;;;;;1;?;1;1;low;van Beers, E., Melisse, B., Poelstra, P., Lommerse, N., de Jonge, M., de Waal, M., ... & van den Berg, E. (2025). Web-based guided self-help vs treatment as usual for binge-eating disorder: a randomized clinical trial. JAMA network open, 8(10), e2536644.;web;yes;bed;yes;yes;vanBeers_2025_msd_cia_fu_20_self-report_cbt_tau_NA_NA;-0,278370666259671;0,146968948025457;;;;;;
354;van Beers, 2025;cbt;tau;;;msd;ede obe;interview;obe frequency;20,0;fu;1,27;2,8;93,0;1,84;3,6;94,0;;;;;;;;;;;;;;;;;;;;;;;;;;;;;1;?;1;1;low;van Beers, E., Melisse, B., Poelstra, P., Lommerse, N., de Jonge, M., de Waal, M., ... & van den Berg, E. (2025). Web-based guided self-help vs treatment as usual for binge-eating disorder: a randomized clinical trial. JAMA network open, 8(10), e2536644.;web;yes;bed;yes;yes;vanBeers_2025_msd_edeobe_fu_20_interview_cbt_tau_NA_NA;0,17591498122;0,146541480441011;;;;;;
355;Vollert, 2024;cbt;wl;;;msd;gad7;self-report;anxiety;8,0;post;9,63;7,3;170,0;11,47;6,9;167,0;;;;;;;;;;;;;;;;;;;;;;;;;;;;;1;1;1;1;low;Vollert, B., Yim, S. H., Görlich, D., Beintner, I., Gordon, G., Musiat, P., ... & Jacobi, C. (2024). Using web-based, guided self-help to bridge the waiting time for face-to-face out-patient treatment for bulimic-spectrum disorders: randomised controlled trial. BJPsych Open, 10(2), e53.;web;yes;mixed;yes;yes;Vollert_2024_msd_gad7_post_8_self-report_cbt_wl_NA_NA;0,258406645459847;0,109407008604255;;;;;;
356;Vollert, 2024;cbt;wl;;;msd;phq9;self-report;depression;8,0;post;12,24;8,6;170,0;14,37;8,1;167,0;;;;;;;;;;;;;;;;;;;;;;;;;;;;;1;1;1;1;low;Vollert, B., Yim, S. H., Görlich, D., Beintner, I., Gordon, G., Musiat, P., ... & Jacobi, C. (2024). Using web-based, guided self-help to bridge the waiting time for face-to-face out-patient treatment for bulimic-spectrum disorders: randomised controlled trial. BJPsych Open, 10(2), e53.;web;yes;mixed;yes;yes;Vollert_2024_msd_phq9_post_8_self-report_cbt_wl_NA_NA;0,254336174863412;0,10939279233539;;;;;;
357;Vollert, 2024;cbt;wl;;;msd;edeq;self-report;ed psychopathology;8,0;post;2,79;1,3;170,0;3,58;1,3;167,0;;;;;;;;;;;;;;;;;;;;;;;;;;;;;1;1;1;1;low;Vollert, B., Yim, S. H., Görlich, D., Beintner, I., Gordon, G., Musiat, P., ... & Jacobi, C. (2024). Using web-based, guided self-help to bridge the waiting time for face-to-face out-patient treatment for bulimic-spectrum disorders: randomised controlled trial. BJPsych Open, 10(2), e53.;web;yes;mixed;yes;yes;Vollert_2024_msd_edeq_post_8_self-report_cbt_wl_NA_NA;0,606330786465215;0,111437358266203;;;;;;
358;Vollert, 2024;cbt;wl;;;msd;aqol;self-report;quality of life;8,0;post;60,97;18,2;170,0;56,45;17,5;167,0;;;;;;;;;;;;;;;;;;;;;;;;;;;;;1;1;1;1;low;Vollert, B., Yim, S. H., Görlich, D., Beintner, I., Gordon, G., Musiat, P., ... & Jacobi, C. (2024). Using web-based, guided self-help to bridge the waiting time for face-to-face out-patient treatment for bulimic-spectrum disorders: randomised controlled trial. BJPsych Open, 10(2), e53.;web;yes;mixed;yes;yes;Vollert_2024_msd_aqol_post_8_self-report_cbt_wl_NA_NA;0,252561070251757;0,109386662826377;;;;;;
359;Vollert, 2024;cbt;wl;;;msd;rse;self-report;self-esteem;8,0;post;25,43;2,9;170,0;25,24;2,7;167,0;;;;;;;;;;;;;;;;;;;;;;;;;;;;;1;1;1;1;low;Vollert, B., Yim, S. H., Görlich, D., Beintner, I., Gordon, G., Musiat, P., ... & Jacobi, C. (2024). Using web-based, guided self-help to bridge the waiting time for face-to-face out-patient treatment for bulimic-spectrum disorders: randomised controlled trial. BJPsych Open, 10(2), e53.;web;yes;mixed;yes;yes;Vollert_2024_msd_rse_post_8_self-report_cbt_wl_NA_NA;0,0676403700342268;0,108982547102635;;;;;;
360;Vollert, 2024;cbt;wl;;;msd;wcs;self-report;weight concern;8,0;post;68,46;20,4;170,0;78,64;19,5;167,0;;;;;;;;;;;;;;;;;;;;;;;;;;;;;1;1;1;1;low;Vollert, B., Yim, S. H., Görlich, D., Beintner, I., Gordon, G., Musiat, P., ... & Jacobi, C. (2024). Using web-based, guided self-help to bridge the waiting time for face-to-face out-patient treatment for bulimic-spectrum disorders: randomised controlled trial. BJPsych Open, 10(2), e53.;web;yes;mixed;yes;yes;Vollert_2024_msd_wcs_post_8_self-report_cbt_wl_NA_NA;0,508900222302326;0,110708387025039;;;;;;
361;Vollert, 2024;cbt;wl;;;msd;gad7;self-report;anxiety;52,0;fu;8,16;9,0;170,0;10,25;8,0;167,0;;;;;;;;;;;;;;;;;;;;;;;;;;;;;1;1;1;1;low;Vollert, B., Yim, S. H., Görlich, D., Beintner, I., Gordon, G., Musiat, P., ... & Jacobi, C. (2024). Using web-based, guided self-help to bridge the waiting time for face-to-face out-patient treatment for bulimic-spectrum disorders: randomised controlled trial. BJPsych Open, 10(2), e53.;web;yes;mixed;yes;yes;Vollert_2024_msd_gad7_fu_52_self-report_cbt_wl_NA_NA;0,24477964224734;0,1093602958923;;;;;;
362;Vollert, 2024;cbt;wl;;;msd;phq9;self-report;depression;52,0;fu;10,01;11,4;170,0;12,45;10,2;167,0;;;;;;;;;;;;;;;;;;;;;;;;;;;;;1;1;1;1;low;Vollert, B., Yim, S. H., Görlich, D., Beintner, I., Gordon, G., Musiat, P., ... & Jacobi, C. (2024). Using web-based, guided self-help to bridge the waiting time for face-to-face out-patient treatment for bulimic-spectrum disorders: randomised controlled trial. BJPsych Open, 10(2), e53.;web;yes;mixed;yes;yes;Vollert_2024_msd_phq9_fu_52_self-report_cbt_wl_NA_NA;0,224961128149423;0,109296842619585;;;;;;
363;Vollert, 2024;cbt;wl;;;msd;edeq;self-report;ed psychopathology;52,0;fu;2,43;1,8;170,0;3,08;1,6;167,0;;;;;;;;;;;;;;;;;;;;;;;;;;;;;1;1;1;1;low;Vollert, B., Yim, S. H., Görlich, D., Beintner, I., Gordon, G., Musiat, P., ... & Jacobi, C. (2024). Using web-based, guided self-help to bridge the waiting time for face-to-face out-patient treatment for bulimic-spectrum disorders: randomised controlled trial. BJPsych Open, 10(2), e53.;web;yes;mixed;yes;yes;Vollert_2024_msd_edeq_fu_52_self-report_cbt_wl_NA_NA;0,380638199666915;0,1099377412075;;;;;;
364;Vollert, 2024;cbt;wl;;;msd;aqol;self-report;quality of life;52,0;fu;63,96;20,9;170,0;60,33;19,2;167,0;;;;;;;;;;;;;;;;;;;;;;;;;;;;;1;1;1;1;low;Vollert, B., Yim, S. H., Görlich, D., Beintner, I., Gordon, G., Musiat, P., ... & Jacobi, C. (2024). Using web-based, guided self-help to bridge the waiting time for face-to-face out-patient treatment for bulimic-spectrum disorders: randomised controlled trial. BJPsych Open, 10(2), e53.;web;yes;mixed;yes;yes;Vollert_2024_msd_aqol_fu_52_self-report_cbt_wl_NA_NA;0,180411281006607;0,109173646802061;;;;;;
365;Vollert, 2024;cbt;wl;;;msd;rse;self-report;self-esteem;52,0;fu;25,53;3,0;170,0;25,41;2,5;167,0;;;;;;;;;;;;;;;;;;;;;;;;;;;;;1;1;1;1;low;Vollert, B., Yim, S. H., Görlich, D., Beintner, I., Gordon, G., Musiat, P., ... & Jacobi, C. (2024). Using web-based, guided self-help to bridge the waiting time for face-to-face out-patient treatment for bulimic-spectrum disorders: randomised controlled trial. BJPsych Open, 10(2), e53.;web;yes;mixed;yes;yes;Vollert_2024_msd_rse_fu_52_self-report_cbt_wl_NA_NA;0,0433248252869072;0,108964096568581;;;;;;
366;Vollert, 2024;cbt;wl;;;msd;wcs;self-report;weight concern;52,0;fu;60,5;31,1;170,0;70,46;27,9;167,0;;;;;;;;;;;;;;;;;;;;;;;;;;;;;1;1;1;1;low;Vollert, B., Yim, S. H., Görlich, D., Beintner, I., Gordon, G., Musiat, P., ... & Jacobi, C. (2024). Using web-based, guided self-help to bridge the waiting time for face-to-face out-patient treatment for bulimic-spectrum disorders: randomised controlled trial. BJPsych Open, 10(2), e53.;web;yes;mixed;yes;yes;Vollert_2024_msd_wcs_fu_52_self-report_cbt_wl_NA_NA;0,336213496690278;0,109721672252407;;;;;;
367;Vollert, 2024;cbt;wl;;;abstinence;zero ED behav;self-report;zero eating disorder behaviours;52,0;fu;;;;;;;;;;;;;;61,0;23,0;171,0;172,0;;;;;;;;;;;;;;;;;;1;1;1;1;low;Vollert, B., Yim, S. H., Görlich, D., Beintner, I., Gordon, G., Musiat, P., ... & Jacobi, C. (2024). Using web-based, guided self-help to bridge the waiting time for face-to-face out-patient treatment for bulimic-spectrum disorders: randomised controlled trial. BJPsych Open, 10(2), e53.;web;yes;mixed;yes;yes;Vollert_2024_abstinence_zeroEDbehav_fu_52_self-report_cbt_wl_NA_NA;0,703512659505389;0,151664578705071;0,981210568554955;0,219567294440155;61,0;23,0;171,0;172,0
368;Wagner, 2016;cbt;wl;;;abstinence;zero OBEs;self-report;abstinence;16,0;post;;;;;;;;;;;;;;11,0;1,0;70,0;71,0;;;;;;;;;;;;;;;;;;1;?;sr;1;high;Wagner, B., Nagl, M., Dölemeyer, R., Klinitzke, G., Steinig, J., Hilbert, A., & Kersting, A. (2016). Randomized controlled trial of an internet-based cognitive-behavioral treatment program for binge-eating disorder. Behavior therapy, 47(4), 500-514.;web;yes;bed;yes;yes;Wagner_2016_abstinence_zeroOBEs_post_16_self-report_cbt_wl_NA_NA;1,40862734271899;0,584029846878638;2,41207990779033;1,03079526074828;11,0;1,0;70,0;71,0
369;Wagner, 2016;cbt;wl;;;msd;scl-90;self-report;anxiety;16,0;post;3,4;3,5;69,0;4,3;4,1;70,0;;;;;;;;;;;;;;;;;;;;;;;;;;;;;1;?;sr;1;high;Wagner, B., Nagl, M., Dölemeyer, R., Klinitzke, G., Steinig, J., Hilbert, A., & Kersting, A. (2016). Randomized controlled trial of an internet-based cognitive-behavioral treatment program for binge-eating disorder. Behavior therapy, 47(4), 500-514.;web;yes;bed;yes;yes;Wagner_2016_msd_scl-90_post_16_self-report_cbt_wl_NA_NA;0,234678175102076;0,170231507954963;;;;;;
370;Wagner, 2016;cbt;wl;;;msd;bdi;self-report;depression;16,0;post;9,8;7,8;69,0;14,0;8,1;70,0;;;;;;;;;;;;;;;;;;;;;;;;;;;;;1;?;sr;1;high;Wagner, B., Nagl, M., Dölemeyer, R., Klinitzke, G., Steinig, J., Hilbert, A., & Kersting, A. (2016). Randomized controlled trial of an internet-based cognitive-behavioral treatment program for binge-eating disorder. Behavior therapy, 47(4), 500-514.;web;yes;bed;yes;yes;Wagner_2016_msd_bdi_post_16_self-report_cbt_wl_NA_NA;0,525238632970957;0,172574046624371;;;;;;
371;Wagner, 2016;cbt;wl;;;msd;edeq r;self-report;restraint;16,0;post;1,6;1,4;69,0;2,6;1,4;70,0;;;;;;;;;;;;;;;;;;;;;;;;;;;;;1;?;sr;1;high;Wagner, B., Nagl, M., Dölemeyer, R., Klinitzke, G., Steinig, J., Hilbert, A., & Kersting, A. (2016). Randomized controlled trial of an internet-based cognitive-behavioral treatment program for binge-eating disorder. Behavior therapy, 47(4), 500-514.;web;yes;bed;yes;yes;Wagner_2016_msd_edeqr_post_16_self-report_cbt_wl_NA_NA;0,71036824236093;0,174967809581065;;;;;;
372;Wagner, 2016;cbt;wl;;;msd;edeq ec;self-report;eating concerns;16,0;post;2,0;1,6;69,0;3,4;1,2;70,0;;;;;;;;;;;;;;;;;;;;;;;;;;;;;1;?;sr;1;high;Wagner, B., Nagl, M., Dölemeyer, R., Klinitzke, G., Steinig, J., Hilbert, A., & Kersting, A. (2016). Randomized controlled trial of an internet-based cognitive-behavioral treatment program for binge-eating disorder. Behavior therapy, 47(4), 500-514.;web;yes;bed;yes;yes;Wagner_2016_msd_edeqec_post_16_self-report_cbt_wl_NA_NA;0,985527778359659;0,17975223856007;;;;;;
373;Wagner, 2016;cbt;wl;;;msd;edeq;self-report;ed psychopathology;16,0;post;2,5;1,2;69,0;3,7;0,8;70,0;;;;;;;;;;;;;;;;;;;;;;;;;;;;;1;?;sr;1;high;Wagner, B., Nagl, M., Dölemeyer, R., Klinitzke, G., Steinig, J., Hilbert, A., & Kersting, A. (2016). Randomized controlled trial of an internet-based cognitive-behavioral treatment program for binge-eating disorder. Behavior therapy, 47(4), 500-514.;web;yes;bed;yes;yes;Wagner_2016_msd_edeq_post_16_self-report_cbt_wl_NA_NA;1,17188940752225;0,183774646878209;;;;;;
374;Wagner, 2016;cbt;wl;;;msd;edeq obe;self-report;obe frequency;16,0;post;6,8;7,5;69,0;14,9;7,7;70,0;;;;;;;;;;;;;;;;;;;;;;;;;;;;;1;?;sr;1;high;Wagner, B., Nagl, M., Dölemeyer, R., Klinitzke, G., Steinig, J., Hilbert, A., & Kersting, A. (2016). Randomized controlled trial of an internet-based cognitive-behavioral treatment program for binge-eating disorder. Behavior therapy, 47(4), 500-514.;web;yes;bed;yes;yes;Wagner_2016_msd_edeqobe_post_16_self-report_cbt_wl_NA_NA;1,05975069178684;0,181281475367552;;;;;;
375;Wagner, 2016;cbt;wl;;;msd;edeq sc;self-report;shape concern;16,0;post;3,4;1,4;69,0;4,5;0,8;70,0;;;;;;;;;;;;;;;;;;;;;;;;;;;;;1;?;sr;1;high;Wagner, B., Nagl, M., Dölemeyer, R., Klinitzke, G., Steinig, J., Hilbert, A., & Kersting, A. (2016). Randomized controlled trial of an internet-based cognitive-behavioral treatment program for binge-eating disorder. Behavior therapy, 47(4), 500-514.;web;yes;bed;yes;yes;Wagner_2016_msd_edeqsc_post_16_self-report_cbt_wl_NA_NA;0,961255367167435;0,179273567810643;;;;;;
376;Wagner, 2016;cbt;wl;;;msd;edeq wc;self-report;weight concern;16,0;post;3,0;1,3;69,0;4,2;0,8;70,0;;;;;;;;;;;;;;;;;;;;;;;;;;;;;1;?;sr;1;high;Wagner, B., Nagl, M., Dölemeyer, R., Klinitzke, G., Steinig, J., Hilbert, A., & Kersting, A. (2016). Randomized controlled trial of an internet-based cognitive-behavioral treatment program for binge-eating disorder. Behavior therapy, 47(4), 500-514.;web;yes;bed;yes;yes;Wagner_2016_msd_edeqwc_post_16_self-report_cbt_wl_NA_NA;1,10750402137865;0,182316674755431;;;;;;
377;Wyssen, 2021;cbt;wl;cbt;wl standard;msd;bdi;self-report;depression;8,0;post;2,44;2,77;16,0;2,53;3,4;30,0;;;;;;;;;;;;;;;;;;;;;;;;;;;;;?;?;sr;1;high;Wyssen, A., Meyer, A. H., Messerli‐Bürgy, N., Forrer, F., Vanhulst, P., Lalanne, D., & Munsch, S. (2021). BED‐online: Acceptance and efficacy of an internet‐based treatment for binge‐eating disorder: A randomized clinical trial including waitlist conditions. European Eating Disorders Review, 29(6), 937-954.;web;yes;bed;yes;yes;Wyssen_2021_msd_bdi_post_8_self-report_cbt_wl_cbt_wlstandard;0,0276498079027587;0,309583487372486;;;;;;
378;Wyssen, 2021;cbt;wl;cbt;wl standard;msd;edeq;self-report;ed psychopathology;8,0;post;2,29;1,26;16,0;2,16;0,94;30,0;;;;;;;;;;;;;;;;;;;;;;;;;;;;;?;?;sr;1;high;Wyssen, A., Meyer, A. H., Messerli‐Bürgy, N., Forrer, F., Vanhulst, P., Lalanne, D., & Munsch, S. (2021). BED‐online: Acceptance and efficacy of an internet‐based treatment for binge‐eating disorder: A randomized clinical trial including waitlist conditions. European Eating Disorders Review, 29(6), 937-954.;web;yes;bed;yes;yes;Wyssen_2021_msd_edeq_post_8_self-report_cbt_wl_cbt_wlstandard;-0,120539083557951;0,309833538871785;;;;;;
379;Wyssen, 2021;cbt;wl;cbt;wl standard;msd;edeq obe;self-report;obe frequency;8,0;post;6,0;4,77;16,0;8,0;8,5;30,0;;;;;;;;;;;;;;;;;;;;;;;;;;;;;?;?;sr;1;high;Wyssen, A., Meyer, A. H., Messerli‐Bürgy, N., Forrer, F., Vanhulst, P., Lalanne, D., & Munsch, S. (2021). BED‐online: Acceptance and efficacy of an internet‐based treatment for binge‐eating disorder: A randomized clinical trial including waitlist conditions. European Eating Disorders Review, 29(6), 937-954.;web;yes;bed;yes;yes;Wyssen_2021_msd_edeqobe_post_8_self-report_cbt_wl_cbt_wlstandard;0,26415549384343;0,310835132800185;;;;;;
380;Wyssen, 2021;cbt;wl;cbt;wl standard;msd;wsas;self-report;quality of life;8,0;post;6,25;3,92;16,0;10,13;8,98;30,0;;;;;;;;;;;;;;;;;;;;;;;;;;;;;?;?;sr;1;high;Wyssen, A., Meyer, A. H., Messerli‐Bürgy, N., Forrer, F., Vanhulst, P., Lalanne, D., & Munsch, S. (2021). BED‐online: Acceptance and efficacy of an internet‐based treatment for binge‐eating disorder: A randomized clinical trial including waitlist conditions. European Eating Disorders Review, 29(6), 937-954.;web;yes;bed;yes;yes;Wyssen_2021_msd_wsas_post_8_self-report_cbt_wl_cbt_wlstandard;0,499069117016156;0,314063495894514;;;;;;
381;Wyssen, 2021;cbt;wl;cbt;wl positive;msd;bdi;self-report;depression;8,0;post;2,44;2,77;16,0;2,5;4,5;30,0;;;;;;;;;;;;;;;;;;;;;;;;;;;;;?;?;sr;1;high;Wyssen, A., Meyer, A. H., Messerli‐Bürgy, N., Forrer, F., Vanhulst, P., Lalanne, D., & Munsch, S. (2021). BED‐online: Acceptance and efficacy of an internet‐based treatment for binge‐eating disorder: A randomized clinical trial including waitlist conditions. European Eating Disorders Review, 29(6), 937-954.;web;yes;bed;yes;yes;Wyssen_2021_msd_bdi_post_8_self-report_cbt_wl_cbt_wlpositive;0,014760232657874;0,309573553059136;;;;;;
382;Wyssen, 2021;cbt;wl;cbt;wl positive;msd;edeq;self-report;ed psychopathology;8,0;post;2,29;1,26;16,0;1,84;1,28;30,0;;;;;;;;;;;;;;;;;;;;;;;;;;;;;?;?;sr;1;high;Wyssen, A., Meyer, A. H., Messerli‐Bürgy, N., Forrer, F., Vanhulst, P., Lalanne, D., & Munsch, S. (2021). BED‐online: Acceptance and efficacy of an internet‐based treatment for binge‐eating disorder: A randomized clinical trial including waitlist conditions. European Eating Disorders Review, 29(6), 937-954.;web;yes;bed;yes;yes;Wyssen_2021_msd_edeq_post_8_self-report_cbt_wl_cbt_wlpositive;-0,347376507577722;0,31175490736954;;;;;;
383;Wyssen, 2021;cbt;wl;cbt;wl positive;msd;edeq obe;self-report;obe frequency;8,0;post;6,0;4,77;16,0;2,61;2,2;30,0;;;;;;;;;;;;;;;;;;;;;;;;;;;;;?;?;sr;1;high;Wyssen, A., Meyer, A. H., Messerli‐Bürgy, N., Forrer, F., Vanhulst, P., Lalanne, D., & Munsch, S. (2021). BED‐online: Acceptance and efficacy of an internet‐based treatment for binge‐eating disorder: A randomized clinical trial including waitlist conditions. European Eating Disorders Review, 29(6), 937-954.;web;yes;bed;yes;yes;Wyssen_2021_msd_edeqobe_post_8_self-report_cbt_wl_cbt_wlpositive;-1,00704545657562;0,327482039576824;;;;;;
384;Wyssen, 2021;cbt;wl;cbt;wl positive;msd;wsas;self-report;quality of life;8,0;post;6,25;3,92;16,0;7,86;10,41;30,0;;;;;;;;;;;;;;;;;;;;;;;;;;;;;?;?;sr;1;high;Wyssen, A., Meyer, A. H., Messerli‐Bürgy, N., Forrer, F., Vanhulst, P., Lalanne, D., & Munsch, S. (2021). BED‐online: Acceptance and efficacy of an internet‐based treatment for binge‐eating disorder: A randomized clinical trial including waitlist conditions. European Eating Disorders Review, 29(6), 937-954.;web;yes;bed;yes;yes;Wyssen_2021_msd_wsas_post_8_self-report_cbt_wl_cbt_wlpositive;0,180727166638477;0,310162620297981;;;;;;
